Locality,Surface,Price,rooms,bathrooms
Sidi El Bechir,70.0,120000.0,2.0,1
La Marsa,130.0,277000.0,3.0,2
Ariana Ville,111.0,195000.0,2.0,2
Ettahrir,150.0,268000.0,3.0,3
La Marsa,134.0,340000.0,3.0,2
Bou Mhel El Bassatine,100.0,125000.0,3.0,2
La Marsa,167.0,467000.0,3.0,3
Mannouba,95.0,170000.0,2.0,1
Ain Zaghouan,138.0,555000.0,3.0,2
Raoued,108.0,240000.0,3.0,2
Raoued,70.0,130000.0,2.0,1
Ain Zaghouan,145.0,450000.0,2.0,2
Cite El Khadra,50.0,170000.0,1.0,1
La Marsa,95.0,395000.0,2.0,1
Ariana Ville,89.0,310000.0,2.0,1
La Marsa,161.0,495000.0,3.0,3
Mannouba,90.0,165000.0,2.0,1
La Goulette,170.0,680000.0,3.0,3
La Medina,145.0,200000.0,3.0,2
La Soukra,124.0,250000.0,3.0,2
Bab Bhar,57.0,170000.0,1.0,1
Ezzahra,175.0,470000.0,4.0,3
Cite El Khadra,80.0,140000.0,2.0,1
Ariana Ville,39.0,170000.0,1.0,1
Hammam Lif,120.0,200000.0,3.0,2
La Marsa,121.0,300000.0,2.0,2
Ettahrir,75.0,84000.0,2.0,1
Ben Arous,30.0,50000.0,1.0,1
Mnihla,130.0,390000.0,3.0,2
Ain Zaghouan,148.0,360000.0,3.0,2
La Soukra,150.0,350000.0,3.0,3
La Soukra,157.0,530000.0,3.0,3
La Marsa,105.0,160000.0,2.0,2
Ariana Ville,180.0,390000.0,4.0,3
La Marsa,73.0,190000.0,2.0,1
Mnihla,140.0,240000.0,2.0,2
El Menzah,135.0,330000.0,3.0,2
Rades,80.0,135000.0,2.0,1
Ariana Ville,86.0,187000.0,2.0,1
Ben Arous,80.0,87000.0,2.0,1
Ain Zaghouan,124.0,275000.0,3.0,2
Raoued,110.0,130000.0,2.0,2
La Marsa,115.0,220000.0,3.0,2
Hammam Chatt,110.0,280000.0,3.0,2
El Menzah,100.0,175000.0,2.0,1
Raoued,135.0,270000.0,3.0,2
La Marsa,123.0,360000.0,3.0,2
La Marsa,92.0,155000.0,2.0,1
La Marsa,42.0,155000.0,1.0,1
Ain Zaghouan,132.0,315000.0,3.0,2
Ain Zaghouan,173.0,700000.0,3.0,3
El Menzah,134.0,270000.0,3.0,2
Ariana Ville,90.0,195000.0,2.0,1
Ariana Ville,58.0,185000.0,1.0,1
La Soukra,165.0,298000.0,3.0,3
El Menzah,60.0,165000.0,1.0,1
Ain Zaghouan,120.0,240000.0,2.0,2
El Ouerdia,130.0,195000.0,3.0,2
Ettahrir,75.0,200000.0,2.0,1
Ain Zaghouan,102.0,299000.0,3.0,2
El Omrane Superieur,80.0,200000.0,2.0,1
La Marsa,179.0,398000.0,4.0,3
Le Bardo,45.0,130000.0,1.0,1
Hammam Lif,120.0,165000.0,3.0,2
La Soukra,95.0,210000.0,2.0,1
Ariana Ville,177.0,430000.0,4.0,3
Ariana Ville,57.0,130000.0,1.0,1
La Marsa,109.0,240000.0,2.0,2
Ain Zaghouan,127.0,310000.0,3.0,2
La Marsa,90.0,450000.0,2.0,1
El Omrane Superieur,120.0,150000.0,3.0,2
El Mourouj,75.0,120000.0,2.0,1
Le Bardo,140.0,220000.0,3.0,2
Bab Bhar,120.0,210000.0,3.0,2
Ariana Ville,165.0,420000.0,3.0,3
Ben Arous,148.0,341000.0,3.0,2
Bab Bhar,80.0,130000.0,2.0,1
Ain Zaghouan,180.0,495000.0,4.0,3
Ariana Ville,88.0,190000.0,2.0,1
Ben Arous,78.0,160000.0,2.0,1
Bou Mhel El Bassatine,153.0,260000.0,3.0,3
Bab Bhar,45.0,130000.0,1.0,1
La Soukra,80.0,130000.0,2.0,1
El Menzah,120.0,240000.0,3.0,2
Sidi El Bechir,58.0,170000.0,1.0,1
La Goulette,110.0,370000.0,3.0,2
La Marsa,179.0,650000.0,4.0,3
Bab Bhar,130.0,375000.0,3.0,2
Sidi El Bechir,105.0,180000.0,3.0,2
Ain Zaghouan,145.0,450000.0,2.0,2
La Marsa,65.0,270000.0,1.0,1
Bab Bhar,120.0,200000.0,3.0,2
La Marsa,140.0,350000.0,3.0,2
La Soukra,125.0,255000.0,3.0,2
El Mourouj,70.0,115000.0,2.0,1
La Soukra,44.0,222000.0,1.0,1
La Goulette,78.0,210000.0,2.0,1
La Marsa,84.0,220000.0,2.0,1
Sidi El Bechir,75.0,95000.0,2.0,1
Ettahrir,110.0,210000.0,3.0,2
Ain Zaghouan,134.0,280000.0,3.0,2
Bab Bhar,120.0,220000.0,3.0,2
La Marsa,65.0,220000.0,1.0,1
La Soukra,104.0,400000.0,3.0,2
Ariana Ville,67.0,120000.0,1.0,1
Ariana Ville,125.0,330000.0,2.0,2
La Soukra,80.0,135000.0,2.0,1
Ariana Ville,100.0,260000.0,3.0,2
Ain Zaghouan,47.0,167000.0,1.0,1
La Soukra,162.0,595000.0,3.0,3
Mannouba,47.0,112000.0,1.0,1
Ariana Ville,64.0,185000.0,1.0,1
El Omrane,41.0,118000.0,1.0,1
Raoued,110.0,225000.0,3.0,2
Bab Souika,166.0,270000.0,3.0,3
La Goulette,50.0,190000.0,1.0,1
El Menzah,146.0,320000.0,3.0,2
Ariana Ville,57.0,216000.0,1.0,1
La Soukra,120.0,365000.0,2.0,2
Bab Bhar,78.0,290000.0,2.0,1
Ariana Ville,95.0,235000.0,2.0,1
La Marsa,154.0,361000.0,3.0,3
Ain Zaghouan,120.0,450000.0,2.0,2
Ain Zaghouan,146.0,447000.0,3.0,2
La Marsa,90.0,180000.0,2.0,1
El Mourouj,100.0,190000.0,2.0,1
Ain Zaghouan,145.0,450000.0,3.0,2
Le Bardo,70.0,68000.0,2.0,1
El Menzah,60.0,165000.0,1.0,1
La Soukra,100.0,170000.0,3.0,2
Ezzahra,45.0,240000.0,1.0,1
La Soukra,123.0,406000.0,3.0,2
El Menzah,60.0,165000.0,1.0,1
La Soukra,90.0,1400000.0,2.0,1
Ariana Ville,90.0,250000.0,2.0,1
Ain Zaghouan,145.0,374000.0,3.0,2
Ariana Ville,180.0,395000.0,4.0,3
Ettahrir,90.0,150000.0,2.0,1
La Soukra,168.0,481000.0,3.0,3
Ariana Ville,112.0,270000.0,3.0,2
El Menzah,107.0,285000.0,3.0,2
Ain Zaghouan,120.0,270000.0,3.0,2
El Menzah,100.0,220000.0,3.0,2
Bab Bhar,168.0,240000.0,3.0,3
El Mourouj,95.0,115000.0,2.0,1
La Marsa,135.0,360000.0,3.0,2
Ariana Ville,80.0,75000.0,2.0,1
Ariana Ville,158.0,355000.0,3.0,3
La Marsa,100.0,250000.0,2.0,1
La Marsa,117.0,380000.0,3.0,2
La Soukra,176.0,575000.0,3.0,3
La Soukra,150.0,437000.0,3.0,3
Ariana Ville,24.0,260000.0,1.0,1
Ariana Ville,87.0,150000.0,2.0,1
La Goulette,144.0,550000.0,3.0,2
Mnihla,127.0,150000.0,3.0,2
La Goulette,78.0,210000.0,2.0,1
Ben Arous,95.0,120000.0,2.0,1
Ariana Ville,80.0,112000.0,2.0,1
La Soukra,123.0,450000.0,3.0,2
Bab Bhar,80.0,148000.0,2.0,1
Bab Bhar,64.0,180000.0,1.0,1
La Marsa,122.0,510000.0,2.0,2
Ariana Ville,120.0,347000.0,2.0,2
El Mourouj,90.0,155000.0,2.0,1
Bab Bhar,200.0,770000.0,4.0,3
El Omrane,154.0,320000.0,3.0,3
Ariana Ville,160.0,370000.0,3.0,3
Ariana Ville,146.0,370000.0,3.0,2
Bou Mhel El Bassatine,108.0,190000.0,3.0,2
Ariana Ville,58.0,185000.0,1.0,1
Raoued,115.0,313000.0,2.0,2
Ain Zaghouan,118.0,291000.0,2.0,2
Ain Zaghouan,95.0,195000.0,2.0,1
La Soukra,120.0,275000.0,3.0,2
Ariana Ville,105.0,280000.0,2.0,2
Hammam Chatt,105.0,120000.0,2.0,2
Ezzahra,100.0,210000.0,3.0,2
La Marsa,192.0,360000.0,4.0,3
Sidi El Bechir,130.0,220000.0,3.0,2
Bab Bhar,130.0,250000.0,3.0,2
Nouvelle Medina,110.0,215000.0,2.0,2
Hammam Lif,124.0,175000.0,3.0,2
Nouvelle Medina,80.0,120000.0,2.0,1
Ariana Ville,91.0,270000.0,2.0,1
Ain Zaghouan,190.0,930000.0,4.0,3
La Marsa,179.0,395000.0,4.0,3
Raoued,110.0,220000.0,2.0,2
Raoued,89.0,195000.0,2.0,1
Ariana Ville,80.0,125000.0,2.0,1
Ain Zaghouan,156.0,450000.0,3.0,3
Ariana Ville,139.0,360000.0,3.0,2
La Soukra,142.0,576000.0,3.0,2
La Goulette,150.0,305000.0,3.0,3
Ariana Ville,150.0,280000.0,3.0,3
Ariana Ville,35.0,140000.0,1.0,1
Ain Zaghouan,50.0,160000.0,1.0,1
Ariana Ville,121.0,190000.0,3.0,2
Ain Zaghouan,130.0,520000.0,3.0,2
El Menzah,117.0,289000.0,2.0,2
Le Bardo,76.0,115000.0,2.0,1
Ain Zaghouan,135.0,305000.0,3.0,2
Ain Zaghouan,150.0,820000.0,3.0,3
La Goulette,100.0,300000.0,3.0,2
La Soukra,100.0,320000.0,3.0,2
Ariana Ville,148.0,320000.0,3.0,2
La Soukra,150.0,357000.0,3.0,3
La Soukra,100.0,215000.0,3.0,2
El Menzah,190.0,300000.0,4.0,3
Ariana Ville,46.0,170000.0,1.0,1
Ariana Ville,120.0,360000.0,3.0,2
La Soukra,109.0,200000.0,3.0,2
El Mourouj,115.0,195000.0,3.0,2
La Soukra,157.0,525000.0,3.0,3
Ariana Ville,160.0,500000.0,3.0,3
Sidi Hassine,130.0,280000.0,3.0,2
Ariana Ville,55.0,195000.0,1.0,1
Ben Arous,60.0,90000.0,1.0,1
La Soukra,89.0,175000.0,2.0,1
Ariana Ville,200.0,530000.0,4.0,3
Hammam Chatt,135.0,250000.0,3.0,2
El Mourouj,150.0,340000.0,3.0,3
El Mourouj,128.0,195000.0,3.0,2
La Soukra,120.0,350000.0,2.0,2
La Marsa,118.0,291000.0,2.0,2
Ain Zaghouan,35.0,115000.0,1.0,1
Ain Zaghouan,59.0,250000.0,1.0,1
Sidi El Bechir,137.0,320000.0,3.0,2
Le Bardo,83.0,180000.0,2.0,1
Bab Bhar,100.0,200000.0,3.0,2
El Ouerdia,154.0,278000.0,3.0,3
El Mourouj,80.0,137000.0,2.0,1
Raoued,136.0,200000.0,3.0,2
Hammam Chatt,120.0,320000.0,3.0,2
La Marsa,110.0,280000.0,3.0,2
Ariana Ville,85.0,88000.0,2.0,1
La Soukra,57.0,235000.0,1.0,1
Ain Zaghouan,150.0,490000.0,3.0,3
Mornaguia,72.0,105000.0,2.0,1
Ariana Ville,148.0,280000.0,3.0,2
Carthage,105.0,450000.0,3.0,2
La Marsa,118.0,291000.0,2.0,2
Cite El Khadra,70.0,140000.0,2.0,1
Bab Souika,200.0,310000.0,4.0,3
Ain Zaghouan,132.0,422000.0,3.0,2
Nouvelle Medina,98.0,175000.0,2.0,1
La Marsa,190.0,480000.0,4.0,3
La Soukra,135.0,280000.0,3.0,2
La Soukra,132.0,310000.0,3.0,2
Raoued,110.0,230000.0,3.0,2
Ariana Ville,128.0,370000.0,3.0,2
Sidi Hassine,100.0,142000.0,3.0,2
El Mourouj,72.0,140000.0,2.0,1
Mnihla,115.0,295000.0,3.0,2
Ain Zaghouan,160.0,620000.0,3.0,3
La Marsa,129.0,590000.0,3.0,2
La Soukra,164.0,300000.0,3.0,3
Megrine,45.0,80000.0,1.0,1
Ariana Ville,130.0,220000.0,3.0,2
Bab Bhar,185.0,525000.0,4.0,3
La Soukra,180.0,485000.0,4.0,3
El Menzah,100.0,220000.0,3.0,2
Ariana Ville,140.0,285000.0,3.0,2
Cite El Khadra,178.0,385000.0,4.0,3
La Marsa,78.0,215000.0,2.0,1
Ariana Ville,187.0,467000.0,4.0,3
El Mourouj,100.0,200000.0,3.0,2
Ariana Ville,180.0,400000.0,4.0,3
Sidi El Bechir,98.0,200000.0,2.0,1
La Marsa,129.0,370000.0,2.0,2
Ariana Ville,64.0,179000.0,1.0,1
Mannouba,93.0,180000.0,2.0,1
El Mourouj,128.0,192000.0,3.0,2
Ain Zaghouan,110.0,300000.0,3.0,2
La Soukra,109.0,160000.0,3.0,2
Bab Bhar,105.0,130000.0,3.0,2
Ariana Ville,152.0,280000.0,3.0,3
La Marsa,85.0,220000.0,2.0,1
Sidi El Bechir,70.0,83000.0,2.0,1
El Menzah,187.0,450000.0,4.0,3
Ain Zaghouan,135.0,295000.0,3.0,2
Le Bardo,122.0,280000.0,3.0,2
El Omrane Superieur,160.0,250000.0,3.0,3
El Menzah,140.0,340000.0,3.0,2
Cite El Khadra,110.0,160000.0,3.0,2
Mnihla,83.0,190000.0,2.0,1
Ain Zaghouan,116.0,300000.0,3.0,2
Ariana Ville,120.0,280000.0,3.0,2
Ariana Ville,100.0,430000.0,3.0,2
Hammam Chatt,87.0,140000.0,2.0,1
Ariana Ville,155.0,240000.0,3.0,3
Le Bardo,110.0,210000.0,3.0,2
Mannouba,90.0,158000.0,2.0,1
El Kram,116.0,671000.0,1.0,1
Ariana Ville,100.0,210000.0,2.0,1
Sidi El Bechir,100.0,170000.0,3.0,2
Mornaguia,110.0,145000.0,3.0,2
Ain Zaghouan,186.0,850000.0,4.0,3
La Marsa,150.0,345000.0,3.0,3
La Marsa,120.0,400000.0,3.0,2
La Soukra,152.0,460000.0,3.0,3
La Marsa,141.0,331000.0,2.0,2
Ariana Ville,50.0,160000.0,1.0,1
Ben Arous,80.0,145000.0,2.0,1
La Soukra,152.0,290000.0,3.0,3
La Soukra,100.0,145000.0,2.0,1
La Marsa,111.0,320000.0,3.0,2
Nouvelle Medina,80.0,130000.0,2.0,1
Ariana Ville,135.0,220000.0,3.0,2
Ariana Ville,47.0,125000.0,1.0,1
Ain Zaghouan,127.0,620000.0,3.0,2
Ain Zaghouan,133.0,520000.0,2.0,2
Nouvelle Medina,120.0,210000.0,2.0,2
La Marsa,183.0,1006000.0,4.0,3
Ain Zaghouan,170.0,730000.0,3.0,3
Rades,75.0,100000.0,2.0,1
Ariana Ville,105.0,400000.0,2.0,2
Hammam Chatt,80.0,95000.0,2.0,1
El Mourouj,86.0,125000.0,2.0,1
Ariana Ville,68.0,210000.0,1.0,1
La Marsa,85.0,200000.0,2.0,1
Raoued,96.0,140000.0,2.0,1
Nouvelle Medina,70.0,165000.0,2.0,1
Ariana Ville,70.0,165000.0,2.0,1
Nouvelle Medina,122.0,220000.0,3.0,2
Ain Zaghouan,135.0,675000.0,3.0,2
Ain Zaghouan,80.0,280000.0,2.0,1
El Menzah,147.0,330000.0,3.0,2
La Soukra,95.0,175000.0,2.0,1
Ariana Ville,156.0,260000.0,3.0,3
La Goulette,69.0,165000.0,1.0,1
Raoued,150.0,400000.0,3.0,3
Carthage,152.0,285000.0,3.0,3
Ariana Ville,147.0,350000.0,3.0,2
Nouvelle Medina,80.0,160000.0,2.0,1
La Soukra,73.0,110000.0,2.0,1
Hammam Chatt,103.0,170000.0,3.0,2
La Marsa,160.0,384000.0,3.0,3
Ariana Ville,134.0,280000.0,3.0,2
Raoued,70.0,110000.0,2.0,1
Ariana Ville,49.0,169000.0,1.0,1
Cite El Khadra,200.0,420000.0,4.0,3
La Soukra,200.0,420000.0,4.0,3
La Marsa,40.0,200000.0,1.0,1
La Soukra,75.0,110000.0,2.0,1
El Mourouj,110.0,135000.0,3.0,2
El Omrane,59.0,135000.0,1.0,1
Ezzahra,90.0,190000.0,2.0,1
La Marsa,112.0,280000.0,3.0,2
El Menzah,200.0,400000.0,4.0,3
Mannouba,104.0,195000.0,1.0,1
La Marsa,120.0,402000.0,3.0,2
Douar Hicher,75.0,95000.0,2.0,1
La Marsa,107.0,260000.0,3.0,2
Ain Zaghouan,87.0,437000.0,2.0,1
Ain Zaghouan,143.0,337000.0,1.0,1
La Marsa,74.0,185000.0,2.0,1
La Marsa,85.0,350000.0,2.0,1
Ariana Ville,120.0,195000.0,3.0,2
El Mourouj,90.0,200000.0,2.0,1
Mannouba,70.0,131000.0,2.0,1
Ariana Ville,120.0,240000.0,3.0,2
Ain Zaghouan,145.0,600000.0,2.0,2
La Marsa,118.0,291035.0,3.0,2
Mornag,78.0,130000.0,2.0,1
Ezzahra,70.0,130000.0,2.0,1
La Marsa,124.0,265000.0,3.0,2
La Soukra,174.0,550000.0,4.0,3
La Marsa,140.0,350000.0,3.0,2
Hammam Lif,76.0,130000.0,2.0,1
Sidi El Bechir,170.0,245000.0,3.0,3
Nouvelle Medina,75.0,185000.0,2.0,1
El Kram,165.0,650000.0,1.0,1
La Soukra,125.0,238000.0,3.0,2
La Soukra,162.0,427000.0,3.0,3
Ariana Ville,114.0,570000.0,1.0,1
La Marsa,146.0,320000.0,3.0,2
La Soukra,110.0,200000.0,3.0,2
El Menzah,185.0,495000.0,4.0,3
Rades,122.0,230000.0,1.0,1
Ariana Ville,70.0,145000.0,2.0,1
La Marsa,100.0,400000.0,2.0,1
Ariana Ville,120.0,285000.0,3.0,2
Hammam Chatt,73.0,171550.0,2.0,1
Ben Arous,75.0,149000.0,2.0,1
Nouvelle Medina,115.0,200000.0,1.0,1
Nouvelle Medina,130.0,320000.0,3.0,2
Ain Zaghouan,131.0,655000.0,3.0,2
La Soukra,125.0,195000.0,3.0,2
Bab Bhar,120.0,350000.0,3.0,2
Rades,164.0,300000.0,3.0,3
El Kram,120.0,550000.0,1.0,1
El Kram,200.0,900000.0,1.0,1
Ariana Ville,87.0,290000.0,2.0,1
La Marsa,70.0,220000.0,2.0,1
Rades,90.0,190000.0,2.0,1
Ariana Ville,117.0,370000.0,3.0,2
La Soukra,129.0,440000.0,3.0,2
La Marsa,145.0,400000.0,3.0,2
Nouvelle Medina,104.0,275600.0,3.0,2
Raoued,130.0,285000.0,3.0,2
La Soukra,109.0,195000.0,3.0,2
La Marsa,110.0,460000.0,2.0,2
Ariana Ville,100.0,270000.0,3.0,2
Ariana Ville,120.0,350000.0,3.0,2
Ain Zaghouan,117.0,210000.0,3.0,2
Bab Bhar,88.0,170000.0,2.0,1
El Kram,147.0,185000.0,3.0,2
Hammam Chatt,74.0,173900.0,2.0,1
La Soukra,165.0,325000.0,3.0,3
Ariana Ville,85.0,270000.0,2.0,1
Ariana Ville,145.0,425000.0,3.0,2
La Marsa,170.0,590000.0,4.0,3
Ariana Ville,189.0,530000.0,4.0,3
Ezzahra,75.0,180000.0,2.0,1
Ain Zaghouan,75.0,375000.0,2.0,1
Mannouba,80.0,135000.0,2.0,1
Ariana Ville,167.0,370000.0,3.0,3
La Marsa,80.0,200000.0,2.0,1
Ain Zaghouan,160.0,620000.0,3.0,3
El Mourouj,180.0,250000.0,4.0,3
Ariana Ville,186.0,690000.0,4.0,3
La Marsa,118.0,291000.0,3.0,2
Ariana Ville,149.0,287000.0,3.0,2
La Marsa,140.0,280000.0,3.0,2
La Marsa,136.0,327000.0,3.0,2
Ariana Ville,168.0,485000.0,3.0,3
La Soukra,200.0,425000.0,3.0,3
El Menzah,160.0,520000.0,3.0,3
Rades,83.0,200000.0,2.0,1
La Soukra,165.0,305000.0,3.0,3
Ain Zaghouan,133.0,390000.0,3.0,2
La Soukra,111.0,270000.0,2.0,2
Raoued,76.0,125000.0,2.0,1
La Soukra,92.0,250000.0,2.0,1
Raoued,128.0,130000.0,3.0,2
El Mourouj,80.0,115000.0,2.0,1
La Marsa,160.0,690000.0,3.0,3
El Mourouj,120.0,225000.0,2.0,2
La Marsa,143.0,335000.0,3.0,2
El Mourouj,90.0,148000.0,2.0,1
Nouvelle Medina,121.0,270000.0,3.0,2
Ain Zaghouan,77.0,245000.0,2.0,1
Ain Zaghouan,60.0,180000.0,1.0,1
Raoued,111.0,195000.0,3.0,2
La Marsa,140.0,410000.0,3.0,2
La Marsa,135.0,295000.0,3.0,2
El Omrane Superieur,76.0,170000.0,2.0,1
Ariana Ville,120.0,280000.0,2.0,2
Ariana Ville,176.0,330000.0,3.0,3
Ariana Ville,120.0,250000.0,3.0,2
La Soukra,100.0,170000.0,3.0,2
El Menzah,90.0,230000.0,2.0,1
La Soukra,145.0,400000.0,3.0,2
Carthage,50.0,320000.0,1.0,1
La Marsa,47.0,350000.0,1.0,1
La Marsa,90.0,270000.0,2.0,1
Ariana Ville,144.0,403000.0,3.0,2
Mannouba,105.0,210000.0,3.0,2
Ariana Ville,51.0,140000.0,1.0,1
El Ouerdia,111.0,170000.0,3.0,2
Ain Zaghouan,120.0,506620.0,2.0,2
Bou Mhel El Bassatine,154.0,260000.0,3.0,3
El Menzah,85.0,247000.0,2.0,1
Nouvelle Medina,128.0,250000.0,3.0,2
Ain Zaghouan,170.0,739000.0,3.0,3
Mornag,80.0,105000.0,2.0,1
La Soukra,140.0,300000.0,3.0,2
Ariana Ville,86.0,190000.0,2.0,1
El Ouerdia,70.0,83000.0,2.0,1
Ariana Ville,142.0,295000.0,3.0,2
Ariana Ville,117.0,327000.0,3.0,2
Ain Zaghouan,169.0,530000.0,3.0,3
El Mourouj,90.0,135000.0,2.0,1
El Mourouj,90.0,110000.0,2.0,1
Ain Zaghouan,127.0,440000.0,2.0,2
La Soukra,140.0,370000.0,3.0,2
Nouvelle Medina,115.0,200000.0,2.0,2
El Kram,147.0,185000.0,3.0,2
La Marsa,56.0,370000.0,1.0,1
La Soukra,140.0,370000.0,3.0,2
Ain Zaghouan,156.0,702000.0,3.0,3
Nouvelle Medina,170.0,550000.0,4.0,3
La Marsa,105.0,280000.0,2.0,2
Cite El Khadra,100.0,227000.0,3.0,2
Ain Zaghouan,98.0,300000.0,2.0,1
El Menzah,160.0,420000.0,3.0,3
Ain Zaghouan,146.0,315000.0,3.0,2
Raoued,100.0,150000.0,3.0,2
Ain Zaghouan,129.0,645000.0,3.0,2
Ariana Ville,148.0,480000.0,3.0,2
La Soukra,55.0,165000.0,1.0,1
La Marsa,130.0,300000.0,3.0,2
Ain Zaghouan,145.0,390000.0,3.0,2
Ariana Ville,55.0,150000.0,1.0,1
Ezzahra,120.0,260000.0,3.0,2
Ezzahra,98.0,235000.0,2.0,1
Ariana Ville,86.0,180000.0,2.0,1
El Mourouj,150.0,310000.0,3.0,3
La Marsa,121.0,295000.0,2.0,2
El Menzah,90.0,370000.0,2.0,1
La Marsa,180.0,370000.0,4.0,3
El Kram,200.0,800000.0,1.0,1
Raoued,45.0,100000.0,1.0,1
La Soukra,174.0,557000.0,1.0,1
Ariana Ville,146.0,350000.0,3.0,2
Ezzahra,95.0,280000.0,2.0,1
Mannouba,120.0,240000.0,3.0,2
La Marsa,90.0,200000.0,2.0,1
Ben Arous,84.0,160000.0,2.0,1
Rades,95.0,195000.0,2.0,1
Cite El Khadra,110.0,200000.0,3.0,2
La Soukra,75.0,250000.0,2.0,1
La Soukra,175.0,485000.0,4.0,3
Ain Zaghouan,170.0,700000.0,3.0,3
Ain Zaghouan,180.0,520000.0,3.0,3
El Menzah,136.0,465000.0,2.0,2
Ariana Ville,60.0,180000.0,1.0,1
Ezzahra,100.0,145000.0,3.0,2
Ariana Ville,111.0,195000.0,2.0,2
Ariana Ville,125.0,130000.0,3.0,2
Nouvelle Medina,118.0,272000.0,2.0,2
El Kabbaria,77.0,120000.0,2.0,1
La Soukra,100.0,250000.0,3.0,2
El Menzah,30.0,100000.0,1.0,1
Raoued,78.0,170000.0,2.0,1
El Mourouj,93.0,130000.0,2.0,1
La Marsa,145.0,400000.0,3.0,2
El Kabbaria,100.0,150000.0,3.0,2
Cite El Khadra,115.0,210000.0,3.0,2
Ariana Ville,110.0,190000.0,3.0,2
Ain Zaghouan,139.0,260000.0,3.0,2
La Marsa,60.0,26000.0,1.0,1
Mnihla,54.0,100000.0,1.0,1
Ariana Ville,130.0,370000.0,3.0,2
La Marsa,85.0,320000.0,2.0,1
Ain Zaghouan,175.0,430000.0,4.0,3
La Marsa,156.0,336000.0,3.0,3
Ariana Ville,100.0,200000.0,3.0,2
Ariana Ville,134.0,225000.0,3.0,2
Ain Zaghouan,78.0,350000.0,2.0,1
El Mourouj,50.0,90000.0,1.0,1
La Marsa,130.0,256000.0,3.0,2
Ariana Ville,150.0,345000.0,3.0,3
Ariana Ville,79.0,310000.0,2.0,1
Ariana Ville,121.0,270000.0,2.0,2
Ariana Ville,86.0,200000.0,2.0,1
La Marsa,66.0,210000.0,1.0,1
El Menzah,85.0,247000.0,2.0,1
El Menzah,135.0,330000.0,3.0,2
Ain Zaghouan,187.0,350000.0,3.0,3
Ain Zaghouan,124.0,477400.0,2.0,2
Ariana Ville,105.0,189000.0,2.0,2
La Marsa,154.0,345000.0,3.0,3
Ain Zaghouan,150.0,397000.0,2.0,2
Ariana Ville,73.0,170000.0,2.0,1
Ain Zaghouan,85.0,185000.0,2.0,1
El Ouerdia,130.0,190000.0,3.0,2
La Soukra,115.0,165000.0,3.0,2
La Soukra,75.0,250000.0,2.0,1
El Mourouj,60.0,85000.0,1.0,1
Cite El Khadra,180.0,980000.0,4.0,3
Ain Zaghouan,165.0,665000.0,3.0,3
El Menzah,106.0,240000.0,3.0,2
El Ouerdia,85.0,350000.0,2.0,1
La Marsa,52.0,167000.0,1.0,1
La Soukra,179.0,420000.0,4.0,3
Ain Zaghouan,73.0,190000.0,2.0,1
Bab Bhar,95.0,240000.0,2.0,1
Carthage,75.0,195000.0,2.0,1
La Goulette,163.0,410000.0,3.0,3
La Marsa,120.0,359000.0,3.0,2
Ain Zaghouan,172.0,688000.0,3.0,3
Ariana Ville,111.0,170000.0,3.0,2
El Menzah,30.0,145000.0,1.0,1
Bab Bhar,140.0,240000.0,3.0,2
Ariana Ville,100.0,270000.0,3.0,2
Ain Zaghouan,137.0,500000.0,3.0,2
Raoued,65.0,110000.0,1.0,1
Ettahrir,120.0,190000.0,3.0,2
Ain Zaghouan,67.0,330000.0,1.0,1
El Omrane Superieur,110.0,125000.0,3.0,2
La Marsa,154.0,324000.0,3.0,3
La Goulette,140.0,630000.0,3.0,2
La Marsa,138.0,290000.0,3.0,2
La Soukra,115.0,380000.0,2.0,2
La Marsa,140.0,320000.0,3.0,2
Ain Zaghouan,131.0,488000.0,2.0,2
Ariana Ville,180.0,405000.0,4.0,3
El Mourouj,82.0,135000.0,2.0,1
Ariana Ville,110.0,300000.0,3.0,2
Ariana Ville,124.0,240000.0,3.0,2
Ain Zaghouan,42.0,250000.0,1.0,1
Mnihla,140.0,360000.0,3.0,2
La Marsa,146.0,300000.0,3.0,2
Megrine,116.0,200000.0,2.0,2
Ariana Ville,46.0,170000.0,1.0,1
El Menzah,145.0,430000.0,3.0,2
Ain Zaghouan,49.0,220000.0,1.0,1
Raoued,70.0,120000.0,2.0,1
Mannouba,96.0,170000.0,2.0,1
Rades,70.0,140000.0,2.0,1
Cite El Khadra,82.0,185000.0,2.0,1
Ain Zaghouan,93.0,240000.0,2.0,1
La Soukra,90.0,110000.0,2.0,1
El Menzah,60.0,165000.0,1.0,1
El Omrane Superieur,112.0,142000.0,2.0,2
Ariana Ville,114.0,310000.0,3.0,2
Mannouba,124.0,180000.0,3.0,2
La Soukra,75.0,280000.0,2.0,1
Raoued,97.0,178000.0,2.0,1
Ain Zaghouan,90.0,255000.0,2.0,1
Bab Bhar,55.0,75000.0,1.0,1
El Mourouj,75.0,135000.0,2.0,1
Ariana Ville,70.0,180000.0,2.0,1
Bab Bhar,70.0,235000.0,2.0,1
El Mourouj,155.0,340000.0,3.0,3
Ain Zaghouan,60.0,180000.0,1.0,1
El Mourouj,77.0,165000.0,2.0,1
Bab Bhar,75.0,135000.0,2.0,1
Ariana Ville,98.0,105000.0,2.0,1
La Marsa,70.0,267000.0,2.0,1
El Mourouj,73.0,110000.0,2.0,1
La Marsa,125.0,330000.0,3.0,2
El Mourouj,124.0,235000.0,3.0,2
La Marsa,161.0,495000.0,3.0,3
El Menzah,80.0,280000.0,2.0,1
Ariana Ville,200.0,520000.0,4.0,3
La Soukra,165.0,520000.0,3.0,3
La Marsa,154.0,345000.0,3.0,3
La Marsa,153.0,280000.0,3.0,3
Ariana Ville,126.0,232000.0,3.0,2
Hammam Lif,127.0,230000.0,3.0,2
Bab Souika,112.0,240000.0,3.0,2
Nouvelle Medina,120.0,210000.0,3.0,2
Ariana Ville,105.0,388000.0,2.0,2
Ariana Ville,110.0,300000.0,3.0,2
Ain Zaghouan,113.0,360000.0,2.0,2
Ariana Ville,85.0,270000.0,2.0,1
La Soukra,130.0,439000.0,3.0,2
La Soukra,120.0,340000.0,3.0,2
Cite El Khadra,96.0,200000.0,2.0,1
Nouvelle Medina,134.0,220000.0,3.0,2
El Menzah,100.0,220000.0,3.0,2
Bab Bhar,40.0,93000.0,1.0,1
El Menzah,60.0,165000.0,1.0,1
Le Bardo,70.0,65000.0,2.0,1
Raoued,73.0,145000.0,2.0,1
Ain Zaghouan,161.0,530000.0,3.0,3
La Marsa,135.0,450000.0,3.0,2
Ariana Ville,197.0,559000.0,4.0,3
El Mourouj,107.0,220000.0,2.0,2
Ariana Ville,130.0,390000.0,3.0,2
Bab Bhar,134.0,260000.0,3.0,2
Ariana Ville,80.0,265000.0,2.0,1
El Mourouj,90.0,125000.0,2.0,1
Ain Zaghouan,92.0,240000.0,2.0,1
Ain Zaghouan,150.0,460000.0,2.0,2
Le Bardo,70.0,165000.0,2.0,1
El Mourouj,93.0,250000.0,2.0,1
Mannouba,80.0,208000.0,2.0,1
Ain Zaghouan,90.0,230000.0,2.0,1
Ariana Ville,84.0,200000.0,2.0,1
La Marsa,47.0,167000.0,1.0,1
La Marsa,120.0,370000.0,2.0,2
La Soukra,129.0,365000.0,3.0,2
La Marsa,150.0,350000.0,3.0,3
La Soukra,69.0,210000.0,1.0,1
Cite El Khadra,100.0,230000.0,3.0,2
El Mourouj,85.0,118000.0,2.0,1
El Menzah,100.0,220000.0,3.0,2
El Mourouj,107.0,158000.0,3.0,2
Nouvelle Medina,115.0,210000.0,2.0,2
Ain Zaghouan,160.0,570000.0,3.0,3
La Soukra,157.0,530000.0,3.0,3
Bab Souika,112.0,240000.0,3.0,2
Ariana Ville,55.0,185000.0,1.0,1
La Soukra,131.0,330000.0,3.0,2
Ariana Ville,58.0,185000.0,1.0,1
La Marsa,121.0,300000.0,2.0,2
La Soukra,130.0,410000.0,3.0,2
Ain Zaghouan,49.0,195000.0,1.0,1
La Marsa,183.0,775000.0,4.0,3
Ariana Ville,94.0,310000.0,2.0,1
La Soukra,180.0,400000.0,4.0,3
Ain Zaghouan,150.0,450000.0,3.0,3
La Soukra,90.0,250000.0,2.0,1
La Soukra,120.0,500000.0,3.0,2
La Marsa,130.0,365000.0,2.0,2
El Mourouj,115.0,215000.0,3.0,2
La Soukra,95.0,128000.0,2.0,1
El Mourouj,110.0,275000.0,3.0,2
Ben Arous,126.0,291000.0,2.0,2
Ariana Ville,46.0,170000.0,1.0,1
El Menzah,136.0,340000.0,3.0,2
Ariana Ville,158.0,360000.0,3.0,3
Mnihla,167.0,380000.0,3.0,3
El Mourouj,90.0,148000.0,2.0,1
Ain Zaghouan,172.0,840000.0,3.0,3
La Marsa,130.0,270000.0,3.0,2
El Menzah,103.0,280000.0,3.0,2
Rades,86.0,150000.0,2.0,1
La Soukra,170.0,570000.0,3.0,3
Bab Bhar,26.0,90000.0,1.0,1
La Marsa,190.0,1300000.0,4.0,3
La Marsa,120.0,500000.0,3.0,2
Hammam Lif,120.0,180000.0,3.0,2
El Mourouj,100.0,220000.0,3.0,2
La Marsa,75.0,22000.0,2.0,1
Ariana Ville,52.0,165000.0,1.0,1
Raoued,125.0,285000.0,3.0,2
El Mourouj,64.0,85000.0,1.0,1
Ariana Ville,196.0,550000.0,4.0,3
El Mourouj,100.0,146000.0,3.0,2
Cite El Khadra,90.0,235000.0,2.0,1
Ariana Ville,100.0,265000.0,3.0,2
La Marsa,102.0,260000.0,3.0,2
El Kram,80.0,370000.0,2.0,1
Bab Bhar,100.0,140000.0,3.0,2
Ain Zaghouan,133.0,550000.0,2.0,2
El Menzah,190.0,470000.0,4.0,3
Bab Bhar,178.0,530000.0,4.0,3
Ariana Ville,65.0,140000.0,1.0,1
La Soukra,186.0,450000.0,4.0,3
Ain Zaghouan,120.0,230000.0,3.0,2
Le Bardo,80.0,140000.0,2.0,1
Ariana Ville,134.0,260000.0,3.0,2
El Menzah,140.0,320000.0,3.0,2
El Mourouj,85.0,116000.0,2.0,1
Bab Bhar,70.0,130000.0,2.0,1
Cite El Khadra,77.0,200000.0,2.0,1
Rades,100.0,165000.0,3.0,2
La Marsa,154.0,345000.0,3.0,3
Ariana Ville,130.0,235000.0,3.0,2
La Marsa,56.0,167000.0,1.0,1
El Mourouj,90.0,120000.0,2.0,1
La Marsa,52.0,175000.0,1.0,1
La Medina,102.0,140000.0,3.0,2
El Mourouj,80.0,120000.0,2.0,1
El Menzah,63.0,165000.0,1.0,1
El Mourouj,107.0,167000.0,3.0,2
El Mourouj,100.0,145000.0,3.0,2
Hammam Lif,94.0,140000.0,2.0,1
Le Bardo,90.0,220000.0,2.0,1
Bou Mhel El Bassatine,50.0,105000.0,1.0,1
Ain Zaghouan,55.0,167000.0,1.0,1
La Marsa,179.0,398000.0,4.0,3
La Marsa,182.0,436000.0,3.0,3
El Kram,165.0,815000.0,1.0,1
La Soukra,150.0,320000.0,3.0,3
Ariana Ville,135.0,365000.0,3.0,2
Bab Souika,45.0,78000.0,1.0,1
La Soukra,95.0,170000.0,2.0,1
Bab Bhar,61.0,65000.0,1.0,1
Bab Bhar,150.0,230000.0,3.0,3
Ain Zaghouan,124.0,600000.0,2.0,2
La Soukra,120.0,540000.0,3.0,2
El Ouerdia,108.0,165000.0,3.0,2
Ain Zaghouan,118.0,410000.0,2.0,2
La Soukra,155.0,476000.0,3.0,3
La Marsa,150.0,155000.0,3.0,3
Ariana Ville,76.0,190000.0,2.0,1
Ain Zaghouan,153.0,550000.0,3.0,3
El Mourouj,110.0,130000.0,3.0,2
La Soukra,140.0,370000.0,3.0,2
Bab Bhar,140.0,320000.0,3.0,2
La Marsa,153.0,367920.0,3.0,3
La Marsa,118.0,291000.0,2.0,2
La Marsa,130.0,290000.0,3.0,2
La Soukra,113.0,175000.0,3.0,2
Ariana Ville,137.0,423000.0,3.0,2
El Mourouj,65.0,145000.0,1.0,1
Nouvelle Medina,130.0,240000.0,3.0,2
Ariana Ville,182.0,560000.0,4.0,3
Ben Arous,70.0,149000.0,2.0,1
Sidi El Bechir,70.0,119000.0,2.0,1
La Marsa,118.0,291000.0,2.0,2
Ariana Ville,80.0,160000.0,2.0,1
La Marsa,132.0,315000.0,3.0,2
La Marsa,60.0,220000.0,1.0,1
Ariana Ville,42.0,170000.0,1.0,1
Ain Zaghouan,27.0,100000.0,1.0,1
La Marsa,58.0,172000.0,1.0,1
El Kabbaria,80.0,120000.0,2.0,1
El Mourouj,130.0,200000.0,3.0,2
Ariana Ville,150.0,350000.0,3.0,3
Bab Bhar,60.0,120000.0,1.0,1
Cite El Khadra,75.0,150000.0,2.0,1
Ain Zaghouan,110.0,499000.0,2.0,2
Ariana Ville,90.0,180000.0,2.0,1
Rades,100.0,180000.0,3.0,2
La Soukra,120.0,365000.0,2.0,2
Ariana Ville,155.0,450000.0,3.0,3
La Marsa,161.0,485000.0,3.0,3
La Medina,160.0,165000.0,3.0,3
La Marsa,117.0,435000.0,2.0,2
El Mourouj,65.0,115000.0,1.0,1
El Menzah,95.0,240000.0,2.0,1
El Mourouj,90.0,160000.0,2.0,1
La Medina,80.0,85000.0,2.0,1
Ben Arous,110.0,237000.0,2.0,2
Ain Zaghouan,92.0,240000.0,2.0,1
La Marsa,69.0,469000.0,1.0,1
Ain Zaghouan,130.0,259000.0,3.0,2
Ariana Ville,100.0,190000.0,3.0,2
La Marsa,50.0,180000.0,1.0,1
Ariana Ville,140.0,392000.0,1.0,1
Bab Bhar,100.0,250000.0,2.0,1
La Soukra,110.0,460000.0,2.0,2
Ariana Ville,130.0,230000.0,3.0,2
El Mourouj,116.0,278000.0,2.0,2
Ben Arous,60.0,85000.0,1.0,1
Ariana Ville,95.0,235000.0,2.0,1
Ain Zaghouan,49.0,220000.0,1.0,1
Ariana Ville,45.0,145000.0,1.0,1
Carthage,157.0,350000.0,3.0,3
Hammam Chatt,100.0,195000.0,2.0,1
Carthage,120.0,320000.0,3.0,2
Nouvelle Medina,100.0,240000.0,3.0,2
La Medina,93.0,190000.0,2.0,1
Carthage,135.0,300000.0,3.0,2
La Soukra,96.0,190000.0,2.0,1
La Marsa,60.0,198000.0,1.0,1
Ariana Ville,70.0,220000.0,2.0,1
El Mourouj,82.0,120000.0,2.0,1
Raoued,110.0,220000.0,2.0,2
El Menzah,160.0,420000.0,3.0,3
El Menzah,180.0,450000.0,4.0,3
La Marsa,110.0,260000.0,3.0,2
El Omrane Superieur,100.0,160000.0,3.0,2
El Menzah,120.0,240000.0,3.0,2
La Marsa,200.0,780000.0,4.0,3
Ariana Ville,125.0,385000.0,3.0,2
El Omrane Superieur,110.0,160000.0,3.0,2
La Marsa,70.0,180000.0,2.0,1
Raoued,88.0,170000.0,2.0,1
Bab Bhar,40.0,70000.0,1.0,1
La Soukra,110.0,255000.0,3.0,2
El Menzah,150.0,245000.0,3.0,3
El Mourouj,80.0,112000.0,2.0,1
La Marsa,110.0,370000.0,3.0,2
Ariana Ville,168.0,400000.0,3.0,3
Ariana Ville,105.0,129000.0,3.0,2
Ariana Ville,26.0,150000.0,1.0,1
Mannouba,87.0,145000.0,2.0,1
La Soukra,161.0,435000.0,3.0,3
Ariana Ville,170.0,330000.0,4.0,3
Mnihla,53.0,248000.0,1.0,1
Ain Zaghouan,59.0,250000.0,1.0,1
Fouchana,80.0,130000.0,2.0,1
Bou Mhel El Bassatine,51.0,140000.0,1.0,1
Ain Zaghouan,192.0,550000.0,2.0,2
Ariana Ville,100.0,235000.0,3.0,2
El Mourouj,108.0,205000.0,3.0,2
La Soukra,59.0,250000.0,1.0,1
Ain Zaghouan,150.0,550000.0,3.0,3
Ariana Ville,62.0,179000.0,1.0,1
Ariana Ville,56.0,145000.0,1.0,1
Bab Bhar,104.0,440000.0,3.0,2
Ariana Ville,89.0,270000.0,2.0,1
Ain Zaghouan,122.0,520000.0,3.0,2
La Soukra,152.0,428000.0,3.0,3
Ettadhamen,90.0,85000.0,2.0,1
La Marsa,135.0,350000.0,3.0,2
Bab Bhar,80.0,125000.0,2.0,1
Bab Bhar,65.0,160000.0,1.0,1
Ariana Ville,100.0,280000.0,3.0,2
Ain Zaghouan,146.0,411000.0,3.0,2
La Marsa,95.0,220000.0,2.0,1
Ariana Ville,125.0,380000.0,3.0,2
Ariana Ville,40.0,160000.0,1.0,1
La Marsa,75.0,175000.0,2.0,1
La Marsa,159.0,330000.0,3.0,3
Bab Bhar,110.0,135000.0,3.0,2
Mannouba,90.0,15000.0,2.0,1
La Soukra,69.0,185000.0,1.0,1
Hammam Chatt,112.0,180000.0,3.0,2
El Mourouj,110.0,220000.0,3.0,2
Ezzahra,93.0,200000.0,2.0,1
Ariana Ville,120.0,170000.0,2.0,2
La Soukra,130.0,375000.0,3.0,2
El Omrane Superieur,120.0,300000.0,3.0,2
Mnihla,125.0,360000.0,3.0,2
Bab Bhar,40.0,105000.0,1.0,1
Ariana Ville,132.0,330000.0,3.0,2
Ben Arous,90.0,147000.0,2.0,1
Ain Zaghouan,129.0,350000.0,3.0,2
Ariana Ville,136.0,503000.0,3.0,2
Ariana Ville,145.0,350000.0,3.0,2
Mannouba,90.0,185000.0,2.0,1
La Marsa,52.0,175000.0,1.0,1
Ariana Ville,164.0,360000.0,3.0,3
La Marsa,68.0,180000.0,1.0,1
Ariana Ville,180.0,395000.0,4.0,3
La Marsa,118.0,291000.0,2.0,2
El Mourouj,80.0,120000.0,2.0,1
Raoued,144.0,230000.0,3.0,2
Ben Arous,75.0,115000.0,2.0,1
Bab Bhar,50.0,145000.0,1.0,1
Ariana Ville,87.0,305000.0,2.0,1
Ain Zaghouan,126.0,345000.0,2.0,2
Ain Zaghouan,59.0,250000.0,1.0,1
Raoued,159.0,396000.0,3.0,3
El Menzah,48.0,130000.0,1.0,1
Ariana Ville,125.0,330000.0,3.0,2
La Marsa,60.0,190000.0,1.0,1
Ariana Ville,62.0,180000.0,1.0,1
Ariana Ville,70.0,180000.0,2.0,1
Ain Zaghouan,60.0,185000.0,1.0,1
La Marsa,60.0,198000.0,1.0,1
Ariana Ville,200.0,500000.0,4.0,3
Ain Zaghouan,130.0,360000.0,2.0,2
La Soukra,175.0,460000.0,4.0,3
Raoued,140.0,200000.0,3.0,2
Ain Zaghouan,136.0,569000.0,2.0,2
La Medina,69.0,160000.0,1.0,1
Ezzahra,110.0,178000.0,3.0,2
Ain Zaghouan,102.0,234000.0,2.0,2
El Mourouj,109.0,162000.0,3.0,2
La Goulette,158.0,632000.0,3.0,3
La Marsa,165.0,890000.0,3.0,3
La Soukra,136.0,250000.0,3.0,2
La Marsa,150.0,398000.0,3.0,3
Ariana Ville,46.0,170000.0,1.0,1
Mannouba,87.0,180000.0,2.0,1
Hammam Chatt,64.0,140000.0,1.0,1
Bab Bhar,75.0,180000.0,2.0,1
Bab Bhar,130.0,240000.0,3.0,2
Ain Zaghouan,147.0,447000.0,3.0,2
Ariana Ville,79.0,220000.0,2.0,1
Ain Zaghouan,60.0,230000.0,1.0,1
El Mourouj,65.0,130000.0,1.0,1
Oued Ellil,100.0,165108.0,3.0,2
La Soukra,108.0,160000.0,3.0,2
Ain Zaghouan,198.0,580000.0,4.0,3
La Marsa,134.0,280000.0,3.0,2
Ariana Ville,150.0,530000.0,3.0,3
Ain Zaghouan,133.0,287000.0,3.0,2
Mnihla,83.0,215000.0,2.0,1
Bab Bhar,20.0,50000.0,1.0,1
La Soukra,166.0,590000.0,3.0,3
Hammam Chatt,91.0,200000.0,2.0,1
La Marsa,62.0,180000.0,1.0,1
La Soukra,185.0,200000.0,1.0,1
Ain Zaghouan,125.0,270000.0,3.0,2
Ain Zaghouan,127.0,475000.0,3.0,2
Ariana Ville,58.0,170000.0,1.0,1
Bou Mhel El Bassatine,120.0,150000.0,3.0,2
La Soukra,127.0,377000.0,2.0,2
Ariana Ville,136.0,360000.0,3.0,2
La Soukra,65.0,100000.0,1.0,1
La Marsa,150.0,460000.0,2.0,2
Ain Zaghouan,160.0,700000.0,2.0,2
La Marsa,57.0,170000.0,1.0,1
La Medina,100.0,120000.0,3.0,2
Ain Zaghouan,160.0,832000.0,3.0,3
La Soukra,150.0,240000.0,2.0,2
Ain Zaghouan,162.0,825000.0,3.0,3
Bab Souika,50.0,110000.0,1.0,1
Ain Zaghouan,185.0,880000.0,4.0,3
Ain Zaghouan,125.0,275000.0,2.0,2
Bab Bhar,150.0,130000.0,3.0,3
Hammam Chatt,119.0,160000.0,2.0,2
Oued Ellil,82.0,134048.0,2.0,1
El Omrane Superieur,100.0,180000.0,3.0,2
La Marsa,113.0,263000.0,2.0,2
Ariana Ville,160.0,500000.0,3.0,3
Ariana Ville,150.0,530000.0,3.0,3
Raoued,90.0,195000.0,2.0,1
Bab Souika,85.0,125000.0,2.0,1
El Menzah,95.0,245000.0,2.0,1
El Menzah,150.0,320000.0,3.0,3
Sidi Hassine,70.0,70000.0,2.0,1
El Mourouj,73.0,120000.0,2.0,1
Fouchana,93.0,115000.0,2.0,1
Ariana Ville,100.0,200000.0,3.0,2
Ain Zaghouan,160.0,460000.0,3.0,3
Ariana Ville,113.0,310000.0,3.0,2
Nouvelle Medina,120.0,250000.0,3.0,2
Bab Bhar,85.0,250000.0,2.0,1
Ariana Ville,100.0,190000.0,3.0,2
La Goulette,90.0,325000.0,2.0,1
Ariana Ville,100.0,225000.0,3.0,2
Ain Zaghouan,132.0,403000.0,3.0,2
Mannouba,162.0,280000.0,3.0,3
Ain Zaghouan,139.0,453000.0,3.0,2
Fouchana,136.0,110000.0,3.0,2
Mnihla,120.0,330000.0,2.0,2
La Soukra,58.0,102000.0,1.0,1
La Marsa,71.0,185000.0,2.0,1
La Marsa,125.0,350000.0,2.0,2
La Marsa,146.0,300000.0,3.0,2
Ain Zaghouan,135.0,540000.0,3.0,2
Ariana Ville,170.0,320000.0,4.0,3
La Soukra,144.0,425000.0,3.0,2
Ariana Ville,116.0,345000.0,3.0,2
El Ouerdia,90.0,120000.0,2.0,1
La Marsa,90.0,250000.0,2.0,1
Hammam Chatt,137.0,235000.0,3.0,2
Bab Bhar,25.0,100000.0,1.0,1
El Menzah,70.0,230000.0,2.0,1
La Marsa,163.0,520000.0,3.0,3
La Goulette,55.0,250000.0,1.0,1
Fouchana,80.0,150000.0,2.0,1
Mnihla,125.0,185000.0,3.0,2
El Mourouj,100.0,155000.0,3.0,2
La Soukra,114.0,250000.0,3.0,2
Ain Zaghouan,173.0,720000.0,4.0,3
Bab Bhar,80.0,118000.0,2.0,1
El Menzah,107.0,240000.0,3.0,2
La Marsa,70.0,165000.0,2.0,1
Ariana Ville,150.0,360000.0,3.0,3
Ariana Ville,180.0,350000.0,4.0,3
Bab Bhar,115.0,190000.0,3.0,2
Ariana Ville,80.0,100000.0,2.0,1
Bab Bhar,65.0,95000.0,1.0,1
Ben Arous,85.0,96000.0,2.0,1
El Mourouj,60.0,83000.0,1.0,1
El Kabbaria,98.0,120000.0,2.0,1
Mnihla,140.0,385000.0,3.0,2
Mannouba,123.0,235000.0,3.0,2
La Soukra,152.0,530000.0,3.0,3
La Soukra,152.0,380000.0,3.0,3
Bou Mhel El Bassatine,51.0,148000.0,1.0,1
El Kram,145.0,220000.0,3.0,2
Rades,125.0,230000.0,3.0,2
Rades,100.0,165000.0,3.0,2
Rades,75.0,160000.0,2.0,1
Ariana Ville,160.0,500000.0,3.0,3
Ariana Ville,110.0,295000.0,2.0,2
La Marsa,115.0,250000.0,2.0,2
Ain Zaghouan,92.0,240000.0,2.0,1
Bab Bhar,150.0,270000.0,3.0,3
La Marsa,180.0,520000.0,3.0,3
La Marsa,90.0,490000.0,2.0,1
La Marsa,60.0,145000.0,1.0,1
La Soukra,100.0,420000.0,3.0,2
La Marsa,99.0,240000.0,2.0,1
El Mourouj,80.0,150000.0,2.0,1
Bou Mhel El Bassatine,100.0,240000.0,2.0,1
Ain Zaghouan,166.0,615000.0,3.0,3
Sidi El Bechir,75.0,115000.0,2.0,1
Ain Zaghouan,127.0,260000.0,3.0,2
El Menzah,46.0,135000.0,1.0,1
La Marsa,180.0,650000.0,3.0,3
El Mourouj,105.0,160000.0,3.0,2
Ariana Ville,196.0,610000.0,4.0,3
Bab Bhar,97.0,190000.0,2.0,1
Bab Bhar,69.0,120000.0,1.0,1
El Kabbaria,85.0,115000.0,2.0,1
La Marsa,95.0,220000.0,2.0,1
La Marsa,149.0,420000.0,3.0,2
La Soukra,69.0,213000.0,1.0,1
La Soukra,160.0,620000.0,3.0,3
Ariana Ville,46.0,190000.0,1.0,1
La Soukra,189.0,660000.0,3.0,3
Bab Bhar,110.0,170000.0,3.0,2
El Menzah,106.0,240000.0,3.0,2
Rades,80.0,155000.0,2.0,1
Ariana Ville,129.0,420000.0,3.0,2
Bab Bhar,60.0,170000.0,1.0,1
La Marsa,110.0,330000.0,3.0,2
La Marsa,58.0,170000.0,1.0,1
La Soukra,121.0,270000.0,3.0,2
Bab Bhar,68.0,170000.0,1.0,1
La Soukra,154.0,350000.0,3.0,3
El Menzah,109.0,240000.0,3.0,2
Nouvelle Medina,100.0,185000.0,3.0,2
El Mourouj,80.0,110000.0,2.0,1
El Menzah,100.0,250000.0,3.0,2
Mnihla,65.0,180000.0,1.0,1
La Soukra,120.0,350000.0,2.0,2
La Marsa,60.0,178000.0,1.0,1
El Mourouj,110.0,218000.0,3.0,2
La Soukra,116.0,320000.0,3.0,2
Bab Bhar,42.0,70000.0,1.0,1
El Menzah,170.0,450000.0,4.0,3
El Mourouj,113.0,220000.0,2.0,2
El Mourouj,75.0,145000.0,2.0,1
El Omrane Superieur,75.0,100000.0,2.0,1
Ain Zaghouan,148.0,300000.0,3.0,2
La Soukra,113.0,400000.0,3.0,2
Nouvelle Medina,98.0,178000.0,2.0,1
Ariana Ville,169.0,465000.0,3.0,3
Bab Bhar,80.0,175000.0,2.0,1
Le Bardo,55.0,63000.0,1.0,1
El Hrairia,48.0,60000.0,1.0,1
Ain Zaghouan,104.0,560000.0,2.0,2
Bab Bhar,54.0,1600000.0,1.0,1
Ain Zaghouan,142.0,588000.0,3.0,2
El Mourouj,105.0,227000.0,3.0,2
La Marsa,108.0,250000.0,2.0,2
La Marsa,92.0,257000.0,2.0,1
Bou Mhel El Bassatine,119.0,237000.0,2.0,2
La Marsa,104.0,315000.0,3.0,2
La Soukra,150.0,190000.0,2.0,2
Bab Bhar,95.0,150000.0,2.0,1
El Mourouj,107.0,227000.0,3.0,2
Bab Bhar,49.0,130000.0,1.0,1
El Menzah,100.0,300000.0,3.0,2
Ain Zaghouan,68.0,339000.0,1.0,1
Hammam Chatt,94.0,165000.0,2.0,1
Ariana Ville,155.0,330000.0,3.0,3
Cite El Khadra,100.0,330000.0,3.0,2
Hammam Lif,115.0,260000.0,3.0,2
Bab Bhar,140.0,180000.0,3.0,2
La Marsa,87.0,230000.0,2.0,1
Ain Zaghouan,70.0,267000.0,2.0,1
La Marsa,43.0,115000.0,1.0,1
El Mourouj,107.0,159000.0,3.0,2
Hammam Chatt,107.0,170000.0,3.0,2
Ariana Ville,155.0,385000.0,3.0,3
El Menzah,180.0,450000.0,4.0,3
Ariana Ville,160.0,500000.0,3.0,3
Ain Zaghouan,177.0,674500.0,2.0,2
Ariana Ville,82.0,255000.0,2.0,1
El Menzah,48.0,130000.0,1.0,1
Ain Zaghouan,62.0,160000.0,1.0,1
El Menzah,100.0,200000.0,3.0,2
La Soukra,124.0,230000.0,2.0,2
Ben Arous,70.0,150000.0,2.0,1
Ain Zaghouan,158.0,580000.0,3.0,3
Rades,135.0,290000.0,3.0,2
El Mourouj,85.0,125000.0,2.0,1
La Soukra,105.0,255000.0,3.0,2
La Soukra,180.0,420000.0,4.0,3
Ariana Ville,110.0,210000.0,2.0,2
El Mourouj,108.0,150000.0,3.0,2
Ezzahra,100.0,210000.0,3.0,2
La Marsa,170.0,550000.0,3.0,3
Ain Zaghouan,127.0,390000.0,3.0,2
Ariana Ville,125.0,320000.0,2.0,2
Mornag,90.0,110000.0,2.0,1
Mannouba,121.0,250000.0,3.0,2
Ben Arous,80.0,75000.0,2.0,1
El Kram,180.0,350000.0,4.0,3
La Soukra,110.0,315000.0,3.0,2
Mannouba,42.0,92000.0,1.0,1
La Marsa,90.0,330000.0,2.0,1
Bab Bhar,85.0,160000.0,2.0,1
La Marsa,143.0,430000.0,3.0,2
Bab Bhar,80.0,130000.0,2.0,1
Ariana Ville,75.0,150000.0,2.0,1
Ain Zaghouan,142.0,325000.0,3.0,2
Ariana Ville,193.0,460000.0,4.0,3
Hammam Chatt,100.0,200000.0,3.0,2
El Menzah,150.0,200000.0,3.0,3
Hammam Chatt,105.0,170000.0,3.0,2
Raoued,85.0,112000.0,2.0,1
Ain Zaghouan,113.0,263000.0,2.0,2
Ariana Ville,82.0,180000.0,2.0,1
Ariana Ville,120.0,260000.0,3.0,2
La Marsa,110.0,480000.0,2.0,2
Ariana Ville,46.0,170000.0,1.0,1
El Menzah,100.0,260000.0,3.0,2
El Mourouj,115.0,205000.0,3.0,2
Mnihla,147.0,370000.0,3.0,2
La Soukra,170.0,530000.0,4.0,3
Nouvelle Medina,100.0,190000.0,3.0,2
Raoued,150.0,280000.0,3.0,3
Ain Zaghouan,136.0,549000.0,3.0,2
La Marsa,170.0,450000.0,4.0,3
El Menzah,64.0,230000.0,1.0,1
La Marsa,130.0,260000.0,2.0,2
Ariana Ville,95.0,215000.0,2.0,1
Ariana Ville,110.0,300000.0,3.0,2
Ariana Ville,96.0,180000.0,2.0,1
El Menzah,95.0,270000.0,2.0,1
Ain Zaghouan,152.0,326000.0,3.0,3
Hammam Chatt,127.0,170000.0,3.0,2
La Marsa,130.0,255000.0,3.0,2
El Menzah,72.0,300000.0,2.0,1
El Mourouj,85.0,117000.0,2.0,1
Megrine,105.0,195000.0,3.0,2
Ain Zaghouan,85.0,375000.0,2.0,1
Ariana Ville,85.0,270000.0,2.0,1
La Soukra,89.0,270000.0,2.0,1
Nouvelle Medina,90.0,150000.0,2.0,1
La Marsa,200.0,550000.0,2.0,2
Ain Zaghouan,126.0,240000.0,2.0,2
El Menzah,75.0,230000.0,2.0,1
La Soukra,80.0,170000.0,2.0,1
La Soukra,87.0,290000.0,2.0,1
Ain Zaghouan,59.0,250000.0,1.0,1
El Menzah,110.0,240000.0,3.0,2
La Marsa,110.0,285000.0,2.0,2
Ain Zaghouan,150.0,290000.0,3.0,3
Ain Zaghouan,66.0,290000.0,1.0,1
Bab Souika,85.0,170000.0,2.0,1
La Marsa,95.0,225000.0,2.0,1
La Marsa,112.0,253000.0,2.0,2
La Soukra,105.0,210000.0,2.0,2
El Mourouj,90.0,148000.0,2.0,1
La Soukra,115.0,359000.0,2.0,2
La Marsa,46.0,175000.0,1.0,1
Bab Bhar,112.0,255000.0,3.0,2
Mannouba,72.0,180000.0,2.0,1
La Soukra,110.0,220000.0,3.0,2
Hammam Lif,200.0,275000.0,4.0,3
Ariana Ville,162.0,350000.0,3.0,3
Ariana Ville,100.0,240000.0,3.0,2
La Marsa,138.0,270000.0,3.0,2
La Marsa,60.0,185000.0,1.0,1
Bab Bhar,80.0,180000.0,2.0,1
El Omrane Superieur,110.0,160000.0,3.0,2
Ain Zaghouan,129.0,532000.0,2.0,2
Nouvelle Medina,122.0,210000.0,2.0,2
El Menzah,110.0,300000.0,3.0,2
Ariana Ville,86.0,190000.0,2.0,1
Ain Zaghouan,200.0,360000.0,4.0,3
Ettahrir,148.0,270000.0,2.0,2
El Mourouj,85.0,125000.0,2.0,1
Ain Zaghouan,156.0,424000.0,3.0,3
La Marsa,95.0,410000.0,2.0,1
Ben Arous,98.0,100000.0,2.0,1
La Marsa,130.0,680000.0,2.0,2
Ain Zaghouan,145.0,450000.0,3.0,2
Carthage,75.0,190000.0,2.0,1
Ariana Ville,146.0,360000.0,3.0,2
Ain Zaghouan,134.0,500000.0,2.0,2
Nouvelle Medina,115.0,200000.0,1.0,1
Ain Zaghouan,113.0,590000.0,3.0,2
Ariana Ville,156.0,260000.0,3.0,3
La Marsa,47.0,350000.0,1.0,1
Ariana Ville,46.0,170000.0,1.0,1
Nouvelle Medina,122.0,220000.0,1.0,1
La Soukra,106.0,132000.0,3.0,2
Ariana Ville,137.0,370000.0,3.0,2
Raoued,151.0,310000.0,3.0,3
Bou Mhel El Bassatine,115.0,290000.0,2.0,2
La Marsa,110.0,250000.0,3.0,2
La Marsa,180.0,420000.0,4.0,3
El Omrane Superieur,90.0,165000.0,2.0,1
Bab Bhar,60.0,137000.0,1.0,1
Ariana Ville,140.0,280000.0,3.0,2
La Soukra,130.0,150000.0,1.0,1
El Hrairia,60.0,70000.0,1.0,1
Bab Bhar,35.0,90000.0,1.0,1
La Marsa,75.0,200000.0,2.0,1
El Menzah,110.0,200000.0,3.0,2
La Marsa,170.0,1000000.0,1.0,1
El Mourouj,75.0,140000.0,2.0,1
Mannouba,70.0,160000.0,2.0,1
Ariana Ville,100.0,270000.0,2.0,1
Ariana Ville,70.0,190000.0,2.0,1
Le Bardo,81.0,80000.0,2.0,1
El Menzah,165.0,450000.0,3.0,3
La Soukra,152.0,460000.0,1.0,1
La Soukra,114.0,255000.0,3.0,2
Ain Zaghouan,185.0,1060000.0,4.0,3
La Marsa,60.0,170000.0,1.0,1
La Soukra,162.0,495000.0,3.0,3
La Marsa,94.0,675000.0,2.0,1
Ariana Ville,70.0,230000.0,2.0,1
Ben Arous,90.0,210000.0,2.0,1
El Mourouj,110.0,130000.0,3.0,2
Ariana Ville,151.0,400000.0,3.0,3
El Ouerdia,150.0,260000.0,3.0,3
Ain Zaghouan,60.0,160000.0,1.0,1
La Marsa,165.0,350000.0,3.0,3
El Mourouj,78.0,140000.0,2.0,1
Raoued,144.0,329000.0,3.0,2
Ariana Ville,136.0,335000.0,3.0,2
Bou Mhel El Bassatine,150.0,190000.0,3.0,3
Bab Souika,100.0,285000.0,3.0,2
Carthage,155.0,450000.0,3.0,3
Cite El Khadra,70.0,120000.0,2.0,1
El Ouerdia,80.0,120000.0,2.0,1
Ain Zaghouan,100.0,500000.0,3.0,2
La Soukra,108.0,250000.0,3.0,2
Ariana Ville,158.0,350000.0,1.0,1
Ariana Ville,135.0,385000.0,3.0,2
Fouchana,90.0,135000.0,2.0,1
Sidi El Bechir,80.0,115000.0,2.0,1
Ariana Ville,180.0,360000.0,4.0,3
La Marsa,137.0,600000.0,3.0,2
La Marsa,45.0,370000.0,1.0,1
La Marsa,110.0,300000.0,3.0,2
La Marsa,115.0,300000.0,3.0,2
Bab Bhar,140.0,240000.0,3.0,2
El Omrane Superieur,200.0,410000.0,4.0,3
Ain Zaghouan,126.0,275000.0,3.0,2
La Marsa,47.0,140000.0,1.0,1
Cite El Khadra,120.0,250000.0,3.0,2
Nouvelle Medina,90.0,188000.0,2.0,1
Le Bardo,69.0,145000.0,1.0,1
Ben Arous,110.0,130000.0,2.0,2
Ain Zaghouan,110.0,500000.0,3.0,2
Bab Bhar,154.0,340000.0,3.0,3
La Soukra,132.0,470000.0,1.0,1
Ain Zaghouan,100.0,250000.0,3.0,2
Rades,164.0,320000.0,3.0,3
Nouvelle Medina,70.0,100000.0,2.0,1
La Marsa,108.0,270000.0,3.0,2
La Soukra,135.0,345000.0,3.0,2
Ariana Ville,95.0,230000.0,2.0,1
Ezzahra,90.0,135000.0,2.0,1
Ain Zaghouan,70.0,260000.0,2.0,1
Carthage,135.0,300000.0,3.0,2
Rades,90.0,240000.0,2.0,1
El Menzah,85.0,247000.0,2.0,1
La Marsa,200.0,390000.0,4.0,3
La Soukra,115.0,180000.0,3.0,2
Ben Arous,83.0,120000.0,2.0,1
Ain Zaghouan,167.0,652000.0,3.0,3
La Soukra,125.0,260000.0,3.0,2
La Marsa,142.0,335000.0,3.0,2
La Soukra,100.0,180000.0,1.0,1
Ain Zaghouan,138.0,692000.0,3.0,2
Le Bardo,89.0,190000.0,2.0,1
Ain Zaghouan,120.0,460000.0,3.0,2
La Soukra,129.0,230000.0,3.0,2
La Marsa,103.0,340000.0,2.0,2
La Marsa,94.0,450000.0,2.0,1
La Marsa,168.0,980000.0,1.0,1
Hammam Chatt,103.0,241000.0,2.0,2
Ariana Ville,96.0,215000.0,2.0,1
Bab Bhar,124.0,220000.0,3.0,2
Raoued,111.0,190000.0,3.0,2
Raoued,151.0,380000.0,3.0,3
Bab Bhar,128.0,230000.0,3.0,2
Ain Zaghouan,137.0,499000.0,3.0,2
Raoued,120.0,270000.0,3.0,2
Ariana Ville,150.0,305000.0,3.0,3
El Menzah,190.0,450000.0,4.0,3
Carthage,135.0,260000.0,3.0,2
La Marsa,66.0,485000.0,1.0,1
La Soukra,190.0,650000.0,4.0,3
La Soukra,155.0,295000.0,3.0,3
Ezzahra,90.0,220000.0,2.0,1
Ariana Ville,80.0,115000.0,2.0,1
La Marsa,73.0,230000.0,2.0,1
Ain Zaghouan,127.0,475000.0,3.0,2
La Soukra,110.0,396000.0,1.0,1
Ain Zaghouan,110.0,230000.0,3.0,2
Mannouba,167.0,270000.0,3.0,3
La Marsa,166.0,400000.0,3.0,3
Ariana Ville,177.0,250000.0,3.0,3
La Soukra,100.0,215000.0,3.0,2
El Mourouj,57.0,119000.0,1.0,1
Bou Mhel El Bassatine,109.0,270000.0,1.0,1
La Marsa,179.0,450000.0,3.0,3
Rades,80.0,100000.0,2.0,1
Ariana Ville,70.0,200000.0,2.0,1
La Marsa,64.0,170000.0,1.0,1
Bou Mhel El Bassatine,142.0,350000.0,3.0,2
La Marsa,90.0,200000.0,2.0,1
El Mourouj,110.0,130000.0,3.0,2
El Mourouj,72.0,120000.0,2.0,1
Nouvelle Medina,128.0,250000.0,3.0,2
Sidi El Bechir,125.0,250000.0,3.0,2
La Marsa,143.0,335000.0,3.0,2
Mornaguia,160.0,170000.0,3.0,3
Rades,83.0,140000.0,2.0,1
La Marsa,170.0,460000.0,4.0,3
Ariana Ville,82.0,120000.0,2.0,1
Raoued,88.0,165000.0,2.0,1
Carthage,100.0,250000.0,3.0,2
La Marsa,140.0,260000.0,3.0,2
Ain Zaghouan,135.0,475000.0,3.0,2
Ariana Ville,129.0,370000.0,2.0,2
Douar Hicher,55.0,95000.0,1.0,1
Ettahrir,160.0,290000.0,3.0,3
La Marsa,58.0,162000.0,1.0,1
La Soukra,153.0,390000.0,2.0,2
La Marsa,63.0,350000.0,1.0,1
La Marsa,71.0,200000.0,2.0,1
El Mourouj,100.0,145000.0,3.0,2
El Kram,87.0,350000.0,2.0,1
El Mourouj,88.0,120000.0,2.0,1
Ariana Ville,100.0,300000.0,3.0,2
El Mourouj,110.0,154000.0,3.0,2
Carthage,98.0,350000.0,2.0,1
Cite El Khadra,90.0,220000.0,2.0,1
Bou Mhel El Bassatine,120.0,275000.0,2.0,2
Raoued,70.0,125000.0,2.0,1
Mornag,115.0,185000.0,3.0,2
Rades,75.0,150000.0,2.0,1
La Soukra,110.0,180000.0,3.0,2
Ezzahra,80.0,210000.0,2.0,1
Sidi El Bechir,80.0,180000.0,2.0,1
Le Bardo,120.0,290000.0,3.0,2
La Soukra,114.0,260000.0,3.0,2
Ariana Ville,127.0,569000.0,1.0,1
La Marsa,150.0,350000.0,3.0,3
El Mourouj,110.0,165000.0,3.0,2
La Marsa,176.0,800000.0,2.0,2
Bab Bhar,95.0,240000.0,2.0,1
Raoued,136.0,380000.0,3.0,2
Ariana Ville,105.0,158000.0,2.0,2
Ain Zaghouan,190.0,800000.0,4.0,3
La Marsa,121.0,290000.0,2.0,2
Mannouba,138.0,370000.0,3.0,2
La Marsa,100.0,280000.0,3.0,2
La Marsa,107.0,300000.0,3.0,2
El Menzah,125.0,280000.0,3.0,2
Rades,100.0,170000.0,3.0,2
La Marsa,94.0,900000.0,2.0,1
Ariana Ville,94.0,235000.0,2.0,1
Megrine,98.0,150000.0,2.0,1
Ain Zaghouan,170.0,570000.0,2.0,2
La Marsa,140.0,310000.0,3.0,2
Ariana Ville,150.0,370000.0,3.0,3
El Mourouj,98.0,170000.0,2.0,1
Ariana Ville,111.0,215000.0,3.0,2
Ain Zaghouan,148.0,400000.0,3.0,2
Ariana Ville,105.0,150000.0,3.0,2
Raoued,98.0,140000.0,2.0,1
Ariana Ville,85.0,270000.0,2.0,1
El Mourouj,80.0,115000.0,2.0,1
Carthage,80.0,200000.0,2.0,1
Ain Zaghouan,158.0,735000.0,3.0,3
El Menzah,150.0,285000.0,3.0,3
La Marsa,192.0,530000.0,3.0,3
La Marsa,100.0,700000.0,3.0,2
Raoued,78.0,180000.0,2.0,1
El Mourouj,91.0,135000.0,2.0,1
Ariana Ville,193.0,560000.0,4.0,3
Bab Bhar,94.0,240000.0,2.0,1
La Soukra,186.0,700000.0,4.0,3
Rades,100.0,200000.0,3.0,2
El Kram,120.0,398000.0,3.0,2
Ariana Ville,130.0,300000.0,3.0,2
Fouchana,90.0,135000.0,2.0,1
La Marsa,104.0,315000.0,3.0,2
Raoued,112.0,270000.0,3.0,2
Nouvelle Medina,112.0,290000.0,3.0,2
La Marsa,171.0,930000.0,4.0,3
Ariana Ville,130.0,350000.0,3.0,2
Bab Bhar,120.0,350000.0,3.0,2
La Marsa,72.0,120000.0,2.0,1
Ezzahra,120.0,280000.0,3.0,2
Ezzahra,134.0,330000.0,1.0,1
El Ouerdia,200.0,150000.0,4.0,3
Ariana Ville,103.0,205000.0,3.0,2
El Menzah,80.0,280000.0,2.0,1
Ezzahra,160.0,280000.0,3.0,3
Ain Zaghouan,120.0,590000.0,2.0,2
Cite El Khadra,108.0,276000.0,3.0,2
Ariana Ville,130.0,390000.0,3.0,2
Raoued,111.0,180000.0,3.0,2
La Soukra,90.0,135000.0,2.0,1
El Kram,150.0,360000.0,3.0,3
Ariana Ville,110.0,220000.0,3.0,2
Ariana Ville,157.0,520000.0,3.0,3
La Soukra,190.0,650000.0,4.0,3
Ain Zaghouan,100.0,550000.0,2.0,1
Nouvelle Medina,121.0,230000.0,3.0,2
Nouvelle Medina,128.0,230000.0,3.0,2
El Kram,120.0,215000.0,3.0,2
La Marsa,150.0,440000.0,3.0,3
El Mourouj,70.0,132000.0,2.0,1
Ariana Ville,100.0,190000.0,3.0,2
Ariana Ville,98.0,215000.0,2.0,1
Ariana Ville,110.0,260000.0,3.0,2
La Marsa,130.0,800000.0,3.0,2
La Marsa,81.0,375000.0,2.0,1
El Menzah,128.0,380000.0,3.0,2
Cite El Khadra,110.0,290000.0,3.0,2
Ariana Ville,163.0,365000.0,3.0,3
El Kram,123.0,350000.0,3.0,2
Ezzahra,150.0,380000.0,1.0,1
Ariana Ville,60.0,139000.0,1.0,1
Nouvelle Medina,91.0,185000.0,2.0,1
La Marsa,188.0,375000.0,3.0,3
Mannouba,170.0,340000.0,4.0,3
Ain Zaghouan,140.0,700000.0,3.0,2
Ariana Ville,98.0,275000.0,2.0,1
El Kram,140.0,700000.0,3.0,2
Ariana Ville,62.0,179000.0,1.0,1
Ain Zaghouan,105.0,550000.0,2.0,2
Nouvelle Medina,65.0,165000.0,1.0,1
El Menzah,136.0,340000.0,3.0,2
Ain Zaghouan,136.0,494000.0,2.0,2
Bab Bhar,56.0,140000.0,1.0,1
Rades,110.0,195000.0,3.0,2
La Soukra,70.0,90000.0,2.0,1
Ariana Ville,150.0,480000.0,3.0,3
La Marsa,152.0,300000.0,3.0,3
El Menzah,100.0,230000.0,3.0,2
Ariana Ville,88.0,180000.0,2.0,1
Bab Souika,92.0,148000.0,2.0,1
Le Bardo,85.0,1700000.0,2.0,1
La Goulette,53.0,220000.0,1.0,1
La Marsa,140.0,340000.0,3.0,2
Ain Zaghouan,103.0,550000.0,3.0,2
Nouvelle Medina,104.0,275600.0,3.0,2
Le Bardo,129.0,320000.0,3.0,2
Ariana Ville,115.0,350000.0,3.0,2
Ariana Ville,130.0,220000.0,3.0,2
La Marsa,100.0,230000.0,3.0,2
Raoued,70.0,165000.0,2.0,1
Bab Bhar,120.0,230000.0,3.0,2
Rades,75.0,135000.0,2.0,1
La Soukra,100.0,170000.0,3.0,2
Rades,70.0,100000.0,2.0,1
Bab Bhar,160.0,250000.0,3.0,3
El Menzah,100.0,220000.0,3.0,2
Mnihla,102.0,270000.0,3.0,2
El Mourouj,100.0,145000.0,3.0,2
Bou Mhel El Bassatine,60.0,125000.0,1.0,1
Ariana Ville,80.0,249000.0,2.0,1
Ben Arous,80.0,130000.0,2.0,1
Bou Mhel El Bassatine,70.0,140000.0,2.0,1
Ezzahra,160.0,280000.0,3.0,3
Carthage,125.0,185000.0,2.0,2
Ain Zaghouan,107.0,342000.0,3.0,2
Ben Arous,80.0,180000.0,2.0,1
La Soukra,85.0,140000.0,2.0,1
El Menzah,128.0,360000.0,3.0,2
Ain Zaghouan,96.0,400000.0,2.0,1
El Menzah,75.0,230000.0,2.0,1
El Menzah,128.0,360000.0,3.0,2
Hammam Lif,122.0,190000.0,3.0,2
La Marsa,150.0,350000.0,3.0,3
Ariana Ville,100.0,580000.0,3.0,2
Rades,150.0,280000.0,3.0,3
La Marsa,100.0,550000.0,3.0,2
La Marsa,110.0,260000.0,2.0,2
Rades,120.0,195000.0,2.0,2
La Soukra,114.0,400000.0,2.0,2
Hammam Chatt,102.0,165000.0,3.0,2
La Soukra,117.0,150000.0,3.0,2
La Marsa,164.0,890000.0,3.0,3
Nouvelle Medina,200.0,350000.0,3.0,3
Ariana Ville,130.0,360000.0,2.0,2
Rades,80.0,145000.0,2.0,1
Ariana Ville,110.0,335000.0,3.0,2
Sidi El Bechir,90.0,170000.0,2.0,1
Ain Zaghouan,78.0,350000.0,2.0,1
Nouvelle Medina,91.0,185000.0,2.0,1
La Marsa,200.0,420000.0,3.0,3
Ariana Ville,153.0,550000.0,3.0,3
Megrine,200.0,850000.0,1.0,1
Ariana Ville,110.0,165000.0,3.0,2
Hammam Lif,120.0,280000.0,3.0,2
Ariana Ville,175.0,440000.0,4.0,3
La Marsa,127.0,500000.0,2.0,2
Mornag,125.0,200000.0,3.0,2
Ariana Ville,125.0,305000.0,3.0,2
La Soukra,76.0,183000.0,2.0,1
Mannouba,110.0,175000.0,3.0,2
Raoued,108.0,250000.0,3.0,2
Le Bardo,78.0,220000.0,2.0,1
Ariana Ville,120.0,220000.0,2.0,2
El Mourouj,71.0,125000.0,2.0,1
Ariana Ville,150.0,520000.0,3.0,3
Ariana Ville,86.0,195000.0,2.0,1
La Soukra,100.0,360000.0,3.0,2
La Soukra,185.0,590000.0,4.0,3
Ariana Ville,100.0,230000.0,2.0,1
Ezzahra,95.0,210000.0,2.0,1
La Marsa,60.0,155000.0,1.0,1
La Marsa,105.0,285000.0,1.0,1
La Marsa,192.0,460000.0,4.0,3
La Marsa,55.0,176000.0,1.0,1
El Mourouj,85.0,115000.0,2.0,1
Rades,68.0,140000.0,1.0,1
Bab Bhar,128.0,200000.0,3.0,2
Ariana Ville,86.0,190000.0,2.0,1
La Marsa,103.0,550000.0,2.0,2
La Soukra,123.0,420000.0,3.0,2
El Kram,145.0,495000.0,3.0,2
La Marsa,110.0,385000.0,2.0,2
La Marsa,156.0,338000.0,3.0,3
Nouvelle Medina,91.0,185000.0,2.0,1
Raoued,78.0,180000.0,2.0,1
Ariana Ville,120.0,360000.0,2.0,2
Ezzahra,134.0,335000.0,3.0,2
La Marsa,85.0,210000.0,2.0,1
Raoued,100.0,180000.0,3.0,2
Mnihla,200.0,308000.0,3.0,3
Ariana Ville,159.0,460000.0,3.0,3
La Soukra,152.0,460000.0,1.0,1
Ain Zaghouan,112.0,280000.0,3.0,2
Ariana Ville,111.0,195000.0,3.0,2
Ain Zaghouan,130.0,640000.0,3.0,2
Ariana Ville,40.0,105000.0,1.0,1
Ain Zaghouan,165.0,500000.0,3.0,3
El Mourouj,140.0,290000.0,3.0,2
Ariana Ville,56.0,153000.0,1.0,1
La Marsa,120.0,750000.0,2.0,2
Bou Mhel El Bassatine,120.0,230000.0,2.0,2
La Soukra,132.0,300000.0,3.0,2
Ain Zaghouan,162.0,825000.0,3.0,3
La Marsa,140.0,160000.0,3.0,2
La Marsa,79.0,570000.0,2.0,1
Ain Zaghouan,98.0,300000.0,2.0,1
Ain Zaghouan,150.0,290000.0,2.0,2
Ettahrir,110.0,240000.0,3.0,2
La Soukra,84.0,250000.0,2.0,1
La Soukra,110.0,150000.0,3.0,2
La Marsa,122.0,570000.0,3.0,2
La Marsa,175.0,820000.0,3.0,3
Rades,75.0,100000.0,2.0,1
Ain Zaghouan,65.0,200000.0,1.0,1
Ariana Ville,130.0,395000.0,2.0,2
La Marsa,53.0,175000.0,1.0,1
Bou Mhel El Bassatine,114.0,294200.0,2.0,2
Le Bardo,95.0,300000.0,2.0,1
Ain Zaghouan,152.0,460000.0,3.0,3
La Marsa,140.0,350000.0,3.0,2
Ariana Ville,143.0,350000.0,3.0,2
Ain Zaghouan,190.0,750000.0,2.0,2
Ain Zaghouan,154.0,500000.0,3.0,3
Mannouba,85.0,140000.0,2.0,1
La Soukra,130.0,245000.0,1.0,1
Raoued,75.0,290000.0,2.0,1
El Mourouj,94.0,135000.0,2.0,1
Ezzahra,115.0,280000.0,3.0,2
Ariana Ville,136.0,410000.0,3.0,2
La Marsa,150.0,350000.0,3.0,3
Nouvelle Medina,70.0,100000.0,2.0,1
La Marsa,135.0,295000.0,3.0,2
La Marsa,135.0,260000.0,3.0,2
La Marsa,120.0,890000.0,3.0,2
Nouvelle Medina,122.0,220000.0,1.0,1
Bou Mhel El Bassatine,106.0,270000.0,2.0,2
La Marsa,78.0,240000.0,2.0,1
La Marsa,180.0,520000.0,3.0,3
La Soukra,84.0,215000.0,2.0,1
La Soukra,126.0,180000.0,3.0,2
El Mourouj,90.0,110000.0,2.0,1
Ariana Ville,103.0,240000.0,3.0,2
Rades,70.0,200000.0,2.0,1
Ariana Ville,116.0,370000.0,1.0,1
El Menzah,110.0,400000.0,3.0,2
Raoued,75.0,135000.0,2.0,1
Raoued,151.0,370000.0,3.0,3
La Marsa,130.0,325000.0,3.0,2
La Soukra,150.0,400000.0,3.0,3
El Mourouj,70.0,123000.0,2.0,1
Bou Mhel El Bassatine,135.0,315000.0,3.0,2
Hammam Chatt,113.0,175000.0,3.0,2
Ariana Ville,125.0,563130.0,1.0,1
La Marsa,132.0,325000.0,3.0,2
Ain Zaghouan,173.0,520000.0,4.0,3
Ezzahra,120.0,280000.0,3.0,2
Cite El Khadra,116.0,245000.0,3.0,2
Ariana Ville,85.0,270000.0,2.0,1
La Soukra,119.0,426000.0,1.0,1
Ben Arous,200.0,650000.0,4.0,3
Ain Zaghouan,111.0,355000.0,3.0,2
Rades,70.0,100000.0,2.0,1
Ain Zaghouan,71.0,280000.0,2.0,1
Ariana Ville,114.0,305000.0,3.0,2
El Ouerdia,191.0,360000.0,4.0,3
Ben Arous,115.0,210000.0,2.0,2
Ariana Ville,180.0,415000.0,1.0,1
Ain Zaghouan,104.0,332000.0,3.0,2
Ariana Ville,180.0,360000.0,4.0,3
La Marsa,100.0,500000.0,1.0,1
Raoued,85.0,175000.0,2.0,1
La Marsa,122.0,720000.0,3.0,2
La Marsa,180.0,900000.0,4.0,3
Le Bardo,80.0,120000.0,2.0,1
Rades,72.0,190000.0,2.0,1
La Soukra,60.0,247000.0,1.0,1
Rades,140.0,230000.0,3.0,2
El Mourouj,90.0,175000.0,2.0,1
Ain Zaghouan,120.0,480000.0,3.0,2
El Mourouj,120.0,290000.0,3.0,2
La Marsa,161.0,386000.0,3.0,3
La Marsa,105.0,238000.0,3.0,2
La Soukra,95.0,210000.0,2.0,1
La Marsa,88.0,350000.0,2.0,1
Ain Zaghouan,145.0,450000.0,3.0,2
El Kram,110.0,550000.0,2.0,2
Rades,122.0,230000.0,3.0,2
Ariana Ville,145.0,425000.0,3.0,2
Bab Souika,50.0,120000.0,1.0,1
Bab Bhar,100.0,240000.0,3.0,2
El Mourouj,90.0,122000.0,2.0,1
Le Bardo,130.0,320000.0,3.0,2
Ariana Ville,92.0,150000.0,2.0,1
Ariana Ville,48.0,125000.0,1.0,1
La Marsa,117.0,280000.0,2.0,2
La Marsa,150.0,1700000.0,2.0,2
Ezzahra,90.0,190000.0,2.0,1
Ain Zaghouan,140.0,537000.0,2.0,2
La Marsa,132.0,310000.0,3.0,2
Megrine,63.0,250000.0,1.0,1
La Goulette,178.0,720000.0,4.0,3
Ariana Ville,48.0,175000.0,1.0,1
Bab Bhar,80.0,250000.0,2.0,1
Carthage,135.0,260000.0,3.0,2
El Mourouj,100.0,500000.0,3.0,2
Rades,107.0,230000.0,2.0,2
Ezzahra,90.0,225000.0,2.0,1
La Marsa,117.0,335000.0,2.0,2
Oued Ellil,101.0,165108.0,3.0,2
Ariana Ville,120.0,310000.0,3.0,2
La Marsa,50.0,170000.0,1.0,1
La Soukra,145.0,269000.0,3.0,2
Carthage,90.0,170000.0,2.0,1
Cite El Khadra,96.0,170000.0,2.0,1
La Marsa,110.0,285000.0,2.0,2
La Marsa,73.0,190000.0,2.0,1
Hammam Chatt,119.0,160000.0,2.0,2
Ariana Ville,124.0,240000.0,3.0,2
Mnihla,125.0,180000.0,3.0,2
Mannouba,42.0,88000.0,1.0,1
La Soukra,58.0,120000.0,1.0,1
Mnihla,167.0,386000.0,3.0,3
La Marsa,194.0,620000.0,3.0,3
Ain Zaghouan,96.0,430000.0,2.0,1
Cite El Khadra,128.0,330000.0,3.0,2
Bab Bhar,40.0,160000.0,1.0,1
La Marsa,130.0,540000.0,3.0,2
Raoued,92.0,187000.0,2.0,1
Ariana Ville,151.0,400000.0,3.0,3
La Soukra,110.0,270000.0,3.0,2
Ain Zaghouan,75.0,220000.0,2.0,1
Ain Zaghouan,111.0,410000.0,2.0,2
Oued Ellil,82.0,134048.0,2.0,1
Ain Zaghouan,150.0,675000.0,3.0,3
El Kram,130.0,240000.0,3.0,2
Mornag,90.0,160000.0,2.0,1
La Marsa,88.0,185000.0,2.0,1
Mannouba,121.0,260000.0,3.0,2
Ain Zaghouan,78.0,179000.0,2.0,1
Mnihla,145.0,380000.0,3.0,2
La Soukra,174.0,400000.0,4.0,3
Ezzahra,140.0,140000.0,3.0,2
Ain Zaghouan,120.0,540000.0,2.0,2
El Menzah,114.0,270000.0,3.0,2
La Marsa,124.0,295000.0,3.0,2
Bou Mhel El Bassatine,51.0,140000.0,1.0,1
Ain Zaghouan,133.0,290000.0,3.0,2
La Marsa,61.0,170800.0,1.0,1
Bou Mhel El Bassatine,112.0,260000.0,3.0,2
Bab Bhar,80.0,125000.0,2.0,1
La Soukra,110.0,270000.0,3.0,2
La Soukra,120.0,270000.0,3.0,2
La Marsa,112.0,490000.0,3.0,2
La Soukra,130.0,380000.0,1.0,1
Ain Zaghouan,177.0,720000.0,2.0,2
Raoued,139.0,360000.0,3.0,2
Ain Zaghouan,120.0,850000.0,3.0,2
Raoued,70.0,115000.0,2.0,1
Raoued,99.0,150000.0,2.0,1
El Mourouj,100.0,180000.0,1.0,1
Ain Zaghouan,64.0,319000.0,1.0,1
La Soukra,116.0,340000.0,3.0,2
La Marsa,55.0,169000.0,1.0,1
El Menzah,60.0,150000.0,1.0,1
La Marsa,104.0,315000.0,3.0,2
La Marsa,110.0,290000.0,3.0,2
Ain Zaghouan,200.0,480000.0,4.0,3
Bou Mhel El Bassatine,110.0,230000.0,2.0,2
Bou Mhel El Bassatine,62.0,193000.0,1.0,1
El Mourouj,80.0,180000.0,2.0,1
La Marsa,46.0,170000.0,1.0,1
La Soukra,130.0,230000.0,3.0,2
La Soukra,115.0,380000.0,2.0,2
La Marsa,130.0,658000.0,3.0,2
La Soukra,168.0,638400.0,3.0,3
Ariana Ville,125.0,320000.0,3.0,2
Ain Zaghouan,177.0,647500.0,2.0,2
Le Bardo,150.0,250000.0,3.0,3
Mnihla,200.0,450000.0,3.0,3
La Marsa,175.0,430000.0,4.0,3
Ariana Ville,76.0,120000.0,2.0,1
Ain Zaghouan,106.0,265000.0,3.0,2
Sidi Hassine,100.0,127000.0,3.0,2
La Marsa,129.0,330000.0,3.0,2
Ain Zaghouan,112.0,361000.0,3.0,2
Ariana Ville,105.0,285000.0,2.0,2
Ariana Ville,80.0,130000.0,2.0,1
El Mourouj,100.0,110000.0,3.0,2
La Soukra,49.0,225000.0,1.0,1
Ariana Ville,165.0,473000.0,3.0,3
La Soukra,165.0,465000.0,3.0,3
El Menzah,97.0,300000.0,2.0,1
El Mourouj,60.0,140000.0,1.0,1
El Mourouj,60.0,155000.0,1.0,1
La Marsa,127.0,500000.0,2.0,2
Mnihla,67.0,185000.0,1.0,1
Hammam Chatt,102.0,155000.0,3.0,2
La Marsa,150.0,370000.0,3.0,3
Raoued,135.0,110000.0,3.0,2
La Soukra,175.0,465000.0,4.0,3
Raoued,45.0,100000.0,1.0,1
Ariana Ville,105.0,260000.0,3.0,2
La Marsa,88.0,215000.0,2.0,1
La Soukra,164.0,305000.0,3.0,3
La Marsa,168.0,320000.0,3.0,3
Ariana Ville,105.0,265000.0,3.0,2
La Marsa,73.0,180000.0,2.0,1
Ain Zaghouan,90.0,370000.0,2.0,1
El Menzah,110.0,285000.0,3.0,2
La Marsa,60.0,180000.0,1.0,1
La Marsa,87.0,244800.0,2.0,1
Ain Zaghouan,200.0,750000.0,4.0,3
La Marsa,75.0,210000.0,2.0,1
La Marsa,41.0,250000.0,1.0,1
La Soukra,63.0,240000.0,1.0,1
Ariana Ville,85.0,100000.0,2.0,1
Bab Bhar,60.0,440000.0,1.0,1
La Marsa,85.0,220000.0,2.0,1
Ariana Ville,177.0,430000.0,4.0,3
Ain Zaghouan,81.0,274000.0,2.0,1
La Marsa,132.0,315000.0,3.0,2
Hammam Lif,110.0,120000.0,2.0,2
Mnihla,118.0,315000.0,3.0,2
Ariana Ville,54.0,170000.0,1.0,1
La Marsa,194.0,620000.0,3.0,3
Ain Zaghouan,124.0,275000.0,3.0,2
Ain Zaghouan,60.0,180000.0,1.0,1
El Mourouj,75.0,129000.0,2.0,1
Mannouba,100.0,185000.0,2.0,1
La Marsa,90.0,170000.0,2.0,1
El Menzah,57.0,235000.0,1.0,1
El Menzah,128.0,465500.0,3.0,2
Mnihla,60.0,175000.0,1.0,1
El Mourouj,64.0,130000.0,1.0,1
Ariana Ville,180.0,200000.0,4.0,3
Ariana Ville,110.0,225000.0,3.0,2
El Menzah,120.0,395000.0,3.0,2
Ain Zaghouan,128.0,460000.0,3.0,2
El Mourouj,110.0,385000.0,3.0,2
La Marsa,94.0,263000.0,2.0,1
Le Bardo,75.0,82000.0,2.0,1
Bab Bhar,50.0,140000.0,1.0,1
Ezzahra,140.0,140000.0,3.0,2
El Omrane Superieur,83.0,125000.0,2.0,1
Mannouba,42.0,80000.0,1.0,1
Bab Bhar,80.0,116000.0,2.0,1
La Marsa,154.0,374000.0,3.0,3
La Marsa,120.0,950000.0,1.0,1
La Marsa,90.0,230000.0,2.0,1
Ezzahra,50.0,130000.0,1.0,1
El Mourouj,70.0,145000.0,2.0,1
Ariana Ville,110.0,185000.0,3.0,2
Ariana Ville,106.0,265000.0,3.0,2
La Soukra,110.0,410000.0,2.0,2
Ariana Ville,105.0,280000.0,2.0,2
Raoued,50.0,78000.0,1.0,1
Ariana Ville,144.0,430000.0,3.0,2
Sidi El Bechir,74.0,60000.0,2.0,1
La Goulette,140.0,550000.0,3.0,2
Ariana Ville,100.0,170000.0,3.0,2
Le Bardo,100.0,350000.0,3.0,2
Ariana Ville,80.0,280000.0,2.0,1
Ain Zaghouan,147.0,447000.0,3.0,2
La Marsa,61.0,170800.0,1.0,1
Bab Bhar,40.0,70000.0,1.0,1
Bou Mhel El Bassatine,60.0,195000.0,1.0,1
Ben Arous,107.0,165000.0,3.0,2
La Soukra,100.0,200000.0,3.0,2
Ain Zaghouan,72.0,295000.0,2.0,1
La Marsa,60.0,220000.0,1.0,1
Le Bardo,87.0,165000.0,2.0,1
La Soukra,55.0,25000.0,1.0,1
El Menzah,98.0,220000.0,2.0,1
Megrine,65.0,140000.0,1.0,1
Ain Zaghouan,198.0,720000.0,2.0,2
La Marsa,127.0,357400.0,2.0,2
La Marsa,137.0,335000.0,3.0,2
La Marsa,113.0,318200.0,2.0,2
Rades,120.0,260000.0,3.0,2
Mannouba,100.0,180000.0,3.0,2
Ain Zaghouan,123.0,421000.0,2.0,2
El Omrane,51.0,170000.0,1.0,1
Ariana Ville,66.0,200000.0,1.0,1
El Mourouj,110.0,155000.0,3.0,2
Ain Zaghouan,166.0,631450.0,3.0,3
Oued Ellil,82.0,134048.0,2.0,1
La Marsa,120.0,330000.0,2.0,2
Ariana Ville,69.0,255300.0,1.0,1
La Marsa,55.0,170000.0,1.0,1
Mnihla,167.0,386000.0,3.0,3
Ben Arous,55.0,150000.0,1.0,1
Carthage,100.0,195000.0,2.0,1
La Marsa,72.0,185000.0,2.0,1
Ariana Ville,75.0,140000.0,2.0,1
Ain Zaghouan,100.0,270000.0,3.0,2
El Mourouj,115.0,175000.0,3.0,2
El Mourouj,105.0,180000.0,3.0,2
La Marsa,66.0,210000.0,1.0,1
Ain Zaghouan,98.0,300000.0,2.0,1
La Marsa,70.0,220000.0,2.0,1
Mannouba,169.0,462000.0,3.0,3
Bab Bhar,130.0,230000.0,3.0,2
La Soukra,166.0,640000.0,3.0,3
Ain Zaghouan,124.0,275000.0,3.0,2
El Menzah,150.0,330000.0,3.0,3
La Marsa,150.0,400000.0,3.0,3
Sidi El Bechir,80.0,220000.0,2.0,1
La Marsa,117.0,270000.0,2.0,2
Raoued,150.0,275000.0,3.0,3
El Mourouj,90.0,170000.0,2.0,1
Rades,90.0,195000.0,2.0,1
Raoued,158.0,415000.0,3.0,3
El Kram,100.0,195000.0,2.0,1
Raoued,124.0,235000.0,3.0,2
Carthage,128.0,285000.0,2.0,2
Hammam Lif,120.0,160000.0,3.0,2
Carthage,132.0,595000.0,2.0,2
La Marsa,87.0,595000.0,2.0,1
La Marsa,118.0,291000.0,2.0,2
La Marsa,160.0,530000.0,3.0,3
Raoued,124.0,235000.0,3.0,2
Ariana Ville,160.0,360000.0,3.0,3
La Marsa,120.0,380000.0,2.0,2
La Soukra,80.0,125000.0,2.0,1
El Hrairia,63.0,48000.0,1.0,1
La Soukra,127.0,506300.0,3.0,2
La Soukra,117.0,420000.0,3.0,2
El Menzah,198.0,430000.0,4.0,3
La Marsa,94.0,263000.0,2.0,1
El Menzah,40.0,125000.0,1.0,1
La Marsa,120.0,349000.0,3.0,2
Raoued,155.0,180000.0,3.0,3
La Marsa,124.0,349100.0,2.0,2
Ezzahra,77.0,105000.0,2.0,1
Ain Zaghouan,120.0,600000.0,2.0,2
Ain Zaghouan,62.0,350000.0,1.0,1
La Marsa,60.0,185000.0,1.0,1
Ettadhamen,100.0,420000.0,3.0,2
Ariana Ville,120.0,350000.0,3.0,2
El Omrane Superieur,100.0,120000.0,3.0,2
La Marsa,110.0,285000.0,2.0,2
Ain Zaghouan,143.0,340000.0,3.0,2
Ain Zaghouan,163.0,825000.0,3.0,3
La Marsa,94.0,263000.0,2.0,1
Bab Bhar,66.0,150000.0,1.0,1
Cite El Khadra,115.0,220000.0,3.0,2
La Marsa,86.0,215000.0,2.0,1
La Marsa,75.0,160000.0,2.0,1
Ain Zaghouan,160.0,550000.0,3.0,3
La Medina,69.0,160000.0,1.0,1
Ariana Ville,66.0,200000.0,1.0,1
La Marsa,91.0,268000.0,2.0,1
Ariana Ville,180.0,335000.0,4.0,3
Ain Zaghouan,71.0,280000.0,2.0,1
La Soukra,185.0,900000.0,4.0,3
Raoued,45.0,100000.0,1.0,1
Ain Zaghouan,177.0,674500.0,3.0,3
Ain Zaghouan,174.0,690000.0,4.0,3
La Goulette,144.0,550000.0,3.0,2
La Soukra,63.0,225000.0,1.0,1
Ariana Ville,186.0,625000.0,3.0,3
Ain Zaghouan,172.0,855000.0,3.0,3
La Marsa,140.0,340000.0,3.0,2
La Marsa,154.0,345000.0,3.0,3
Hammam Lif,80.0,120000.0,2.0,1
La Marsa,86.0,215000.0,2.0,1
El Menzah,140.0,280000.0,3.0,2
Ariana Ville,82.0,265000.0,2.0,1
Ain Zaghouan,75.0,220000.0,2.0,1
La Marsa,138.0,360000.0,3.0,2
Ariana Ville,98.0,135000.0,2.0,1
Rades,67.0,165000.0,1.0,1
Oued Ellil,101.0,165108.0,3.0,2
El Mourouj,62.0,85000.0,1.0,1
Ariana Ville,130.0,350000.0,3.0,2
El Omrane Superieur,87.0,126000.0,2.0,1
El Mourouj,100.0,150000.0,3.0,2
Bab Bhar,100.0,130000.0,3.0,2
Ain Zaghouan,72.0,295000.0,2.0,1
Mnihla,170.0,385000.0,4.0,3
Ain Zaghouan,73.0,180000.0,2.0,1
La Marsa,92.0,240000.0,2.0,1
Ariana Ville,125.0,320000.0,3.0,2
Le Bardo,74.0,98000.0,2.0,1
La Soukra,175.0,575000.0,4.0,3
Ain Zaghouan,68.0,355000.0,1.0,1
Rades,122.0,225000.0,2.0,2
Ariana Ville,150.0,300000.0,3.0,3
Jebel Jelloud,95.0,140000.0,2.0,1
Bab Bhar,120.0,220000.0,3.0,2
Nouvelle Medina,87.0,140000.0,2.0,1
Ain Zaghouan,92.0,240000.0,2.0,1
El Mourouj,103.0,165000.0,3.0,2
La Marsa,129.0,330000.0,3.0,2
La Marsa,108.0,304600.0,2.0,2
Ariana Ville,117.0,327000.0,2.0,2
Bab Bhar,115.0,440000.0,3.0,2
Rades,100.0,117000.0,2.0,1
Ariana Ville,90.0,110000.0,2.0,1
El Menzah,100.0,210000.0,3.0,2
Ain Zaghouan,118.0,400000.0,3.0,2
Rades,80.0,150000.0,2.0,1
Ben Arous,100.0,170000.0,3.0,2
El Mourouj,85.0,116000.0,2.0,1
Ain Zaghouan,160.0,880000.0,3.0,3
Ettahrir,120.0,180000.0,3.0,2
El Menzah,124.0,385000.0,3.0,2
Ariana Ville,110.0,285000.0,3.0,2
Bou Mhel El Bassatine,107.0,319000.0,2.0,2
La Marsa,75.0,150000.0,2.0,1
Bou Mhel El Bassatine,110.0,230000.0,2.0,2
La Marsa,88.0,215000.0,2.0,1
Ariana Ville,80.0,259000.0,2.0,1
Ain Zaghouan,124.0,477400.0,2.0,2
Ben Arous,100.0,165000.0,2.0,1
Ain Zaghouan,125.0,330000.0,3.0,2
Ariana Ville,176.0,370000.0,4.0,3
La Marsa,99.0,278152.0,2.0,1
Ariana Ville,118.0,419000.0,2.0,2
Mannouba,90.0,150000.0,2.0,1
Bab Bhar,100.0,210000.0,3.0,2
El Menzah,135.0,315000.0,3.0,2
La Marsa,88.0,215000.0,2.0,1
La Marsa,145.0,400000.0,3.0,2
El Mourouj,125.0,250000.0,3.0,2
Bab Bhar,61.0,65000.0,1.0,1
Ain Zaghouan,152.0,450000.0,3.0,3
Ben Arous,81.0,125000.0,2.0,1
El Mourouj,110.0,216000.0,3.0,2
El Menzah,100.0,310000.0,3.0,2
La Marsa,150.0,370000.0,3.0,3
Le Bardo,76.0,70000.0,2.0,1
Ariana Ville,78.0,259000.0,2.0,1
La Marsa,118.0,291000.0,2.0,2
El Mourouj,150.0,325000.0,3.0,3
Ain Zaghouan,150.0,370000.0,3.0,3
La Soukra,90.0,135000.0,2.0,1
Ain Zaghouan,104.0,577000.0,2.0,2
La Soukra,150.0,345000.0,3.0,3
La Marsa,60.0,192000.0,1.0,1
Ezzahra,170.0,320000.0,3.0,3
Ariana Ville,120.0,345000.0,3.0,2
Ariana Ville,58.0,229000.0,1.0,1
Ben Arous,150.0,135000.0,3.0,3
La Marsa,72.0,190000.0,2.0,1
Ariana Ville,137.0,400000.0,3.0,2
Ariana Ville,162.0,438000.0,3.0,3
Ariana Ville,66.0,200000.0,1.0,1
La Soukra,152.0,460000.0,3.0,3
La Marsa,189.0,450000.0,4.0,3
El Menzah,109.0,220000.0,3.0,2
La Marsa,42.0,180000.0,1.0,1
Ain Zaghouan,118.0,400000.0,3.0,2
La Marsa,110.0,400000.0,3.0,2
La Marsa,165.0,410000.0,3.0,3
Bab Bhar,90.0,265000.0,2.0,1
Ariana Ville,154.0,416000.0,3.0,3
La Marsa,60.0,220000.0,1.0,1
Ariana Ville,125.0,320000.0,3.0,2
Mannouba,76.0,220000.0,2.0,1
La Marsa,165.0,410000.0,3.0,3
La Soukra,123.0,406000.0,3.0,2
La Marsa,100.0,460000.0,2.0,1
Raoued,150.0,280000.0,3.0,3
La Marsa,75.0,160000.0,2.0,1
Bab Bhar,85.0,135000.0,2.0,1
Ariana Ville,120.0,240000.0,3.0,2
El Menzah,134.0,270000.0,3.0,2
El Mourouj,60.0,115000.0,1.0,1
La Soukra,114.0,390000.0,2.0,2
Ariana Ville,148.0,420000.0,3.0,2
Ariana Ville,66.0,200000.0,1.0,1
Ariana Ville,182.0,285000.0,4.0,3
Ain Zaghouan,170.0,760000.0,4.0,3
Ain Zaghouan,68.0,350000.0,1.0,1
Ariana Ville,114.0,300000.0,1.0,1
La Marsa,100.0,225000.0,3.0,2
El Hrairia,80.0,135000.0,2.0,1
El Mourouj,103.0,170000.0,3.0,2
Mornaguia,200.0,300000.0,4.0,3
Ariana Ville,130.0,285000.0,3.0,2
La Marsa,60.0,225000.0,1.0,1
La Marsa,105.0,238000.0,3.0,2
Ain Zaghouan,49.0,200000.0,1.0,1
Ariana Ville,125.0,320000.0,3.0,2
Megrine,98.0,230000.0,2.0,1
La Marsa,195.0,1000000.0,4.0,3
Ben Arous,107.0,190000.0,1.0,1
Le Bardo,75.0,82000.0,2.0,1
La Marsa,110.0,400000.0,1.0,1
Ariana Ville,81.0,283600.0,2.0,1
La Marsa,189.0,450000.0,4.0,3
La Marsa,100.0,280000.0,3.0,2
Nouvelle Medina,125.0,225000.0,2.0,2
La Marsa,131.0,530000.0,3.0,2
Carthage,83.0,250000.0,2.0,1
El Menzah,130.0,320000.0,3.0,2
La Marsa,100.0,225000.0,3.0,2
La Marsa,150.0,385000.0,3.0,3
El Mourouj,100.0,120000.0,2.0,1
Ariana Ville,100.0,240000.0,3.0,2
Cite El Khadra,108.0,276000.0,3.0,2
Ariana Ville,116.0,260000.0,3.0,2
La Soukra,124.0,250000.0,2.0,2
La Soukra,150.0,280000.0,3.0,3
Bab Bhar,30.0,80000.0,1.0,1
El Mourouj,66.0,220000.0,1.0,1
La Marsa,50.0,185000.0,1.0,1
Mnihla,128.0,180000.0,3.0,2
Ariana Ville,182.0,460000.0,4.0,3
El Mourouj,112.0,175000.0,3.0,2
Ariana Ville,100.0,300000.0,3.0,2
El Mourouj,65.0,149000.0,1.0,1
Rades,80.0,135000.0,2.0,1
La Marsa,150.0,385000.0,3.0,3
Mnihla,50.0,180000.0,1.0,1
Ain Zaghouan,57.0,200000.0,1.0,1
Ariana Ville,66.0,200000.0,1.0,1
El Menzah,198.0,470000.0,4.0,3
La Marsa,90.0,230000.0,2.0,1
Carthage,100.0,250000.0,3.0,2
Ariana Ville,86.0,185000.0,2.0,1
La Marsa,159.0,380000.0,3.0,3
La Soukra,107.0,260000.0,2.0,2
La Soukra,184.0,560000.0,4.0,3
El Kram,90.0,499000.0,2.0,1
Ariana Ville,120.0,240000.0,3.0,2
Ain Zaghouan,127.0,497000.0,3.0,2
La Soukra,152.0,290000.0,3.0,3
La Marsa,120.0,330000.0,3.0,2
La Marsa,82.0,335000.0,2.0,1
Ariana Ville,87.0,150000.0,2.0,1
La Goulette,100.0,180000.0,3.0,2
La Marsa,150.0,670000.0,1.0,1
Bou Mhel El Bassatine,109.0,275000.0,2.0,2
Ariana Ville,114.0,310000.0,3.0,2
La Marsa,135.0,270000.0,3.0,2
Ariana Ville,66.0,199000.0,1.0,1
La Marsa,190.0,480000.0,4.0,3
Ain Zaghouan,157.0,706000.0,3.0,3
Ariana Ville,100.0,253000.0,3.0,2
La Marsa,132.0,310000.0,3.0,2
La Marsa,117.0,335000.0,2.0,2
La Medina,39.0,58000.0,1.0,1
Ariana Ville,110.0,220000.0,3.0,2
Ezzahra,90.0,225000.0,2.0,1
Ariana Ville,103.0,260000.0,3.0,2
El Kabbaria,120.0,120000.0,3.0,2
La Soukra,63.0,220000.0,1.0,1
El Mourouj,85.0,115000.0,2.0,1
El Mourouj,94.0,185000.0,2.0,1
La Soukra,130.0,370000.0,1.0,1
Ariana Ville,115.0,299000.0,3.0,2
Le Bardo,115.0,360000.0,3.0,2
La Marsa,189.0,450000.0,4.0,3
Ariana Ville,182.0,460000.0,4.0,3
La Marsa,200.0,480000.0,4.0,3
Ain Zaghouan,49.0,195000.0,1.0,1
Raoued,78.0,180000.0,2.0,1
Megrine,90.0,150000.0,2.0,1
La Marsa,124.0,275000.0,3.0,2
La Soukra,145.0,350000.0,3.0,2
El Menzah,198.0,470000.0,4.0,3
El Kram,80.0,376000.0,2.0,1
Hammam Lif,90.0,140000.0,2.0,1
El Mourouj,151.0,260000.0,2.0,2
La Soukra,120.0,270000.0,3.0,2
El Mourouj,110.0,180000.0,3.0,2
Ain Zaghouan,158.0,460000.0,3.0,3
La Marsa,160.0,530000.0,3.0,3
Ain Zaghouan,118.0,400000.0,3.0,2
El Mourouj,100.0,120000.0,1.0,1
La Marsa,121.0,310000.0,2.0,2
Ariana Ville,114.0,310000.0,3.0,2
La Marsa,124.0,347000.0,3.0,2
La Soukra,90.0,180000.0,2.0,1
La Marsa,75.0,160000.0,2.0,1
El Mourouj,133.0,250000.0,2.0,2
El Kram,174.0,580000.0,1.0,1
Bab Bhar,85.0,165000.0,2.0,1
Ariana Ville,134.0,310000.0,3.0,2
La Marsa,79.0,258000.0,2.0,1
La Soukra,124.0,347000.0,3.0,2
Ezzahra,90.0,140000.0,2.0,1
Mnihla,58.0,165000.0,1.0,1
La Goulette,83.0,330000.0,2.0,1
Ezzahra,80.0,225000.0,2.0,1
La Marsa,88.0,225000.0,2.0,1
El Mourouj,80.0,137000.0,2.0,1
Megrine,74.0,100000.0,2.0,1
